epoc (ms),timestamp (-0400),elapsed (s),x-axis (deg/s),y-axis (deg/s),z-axis (deg/s)
1627604477241,2021-07-29T20.21.17.241,0.000,-8.476,-13.720,29.390
1627604477281,2021-07-29T20.21.17.281,0.040,-8.293,-12.805,25.061
1627604477320,2021-07-29T20.21.17.320,0.079,-2.073,-10.427,10.976
1627604477360,2021-07-29T20.21.17.360,0.119,-2.012,-7.683,12.561
1627604477399,2021-07-29T20.21.17.399,0.158,-11.646,0.488,25.549
1627604477439,2021-07-29T20.21.17.439,0.198,-5.000,1.585,14.939
1627604477479,2021-07-29T20.21.17.479,0.238,-11.280,-0.427,23.598
1627604477517,2021-07-29T20.21.17.517,0.276,-41.585,-5.244,55.305
1627604477558,2021-07-29T20.21.17.558,0.317,-30.793,-6.707,40.061
1627604477596,2021-07-29T20.21.17.596,0.355,-26.402,-4.939,49.817
1627604477635,2021-07-29T20.21.17.635,0.394,-39.085,-0.244,74.939
1627604477675,2021-07-29T20.21.17.675,0.434,-39.573,0.976,67.073
1627604477714,2021-07-29T20.21.17.714,0.473,-47.134,5.061,93.171
1627604477754,2021-07-29T20.21.17.754,0.513,-33.049,14.390,88.963
1627604477794,2021-07-29T20.21.17.794,0.553,-30.976,30.305,115.915
1627604477833,2021-07-29T20.21.17.833,0.592,-56.829,34.268,125.305
1627604477873,2021-07-29T20.21.17.873,0.632,-43.841,7.561,64.268
1627604477912,2021-07-29T20.21.17.912,0.671,-55.732,-32.683,46.159
1627604477952,2021-07-29T20.21.17.952,0.711,-109.146,-77.195,59.756
1627604477991,2021-07-29T20.21.17.991,0.750,-90.610,-34.207,23.963
1627604478031,2021-07-29T20.21.18.031,0.790,-121.646,82.927,5.610
1627604478070,2021-07-29T20.21.18.070,0.829,-258.354,142.317,0.305
1627604478110,2021-07-29T20.21.18.110,0.869,-533.902,254.939,-169.817
1627604478149,2021-07-29T20.21.18.149,0.908,-600.671,642.439,-199.512
1627604478189,2021-07-29T20.21.18.189,0.948,71.951,84.573,118.354
1627604478229,2021-07-29T20.21.18.229,0.988,8.902,-137.134,286.646
1627604478268,2021-07-29T20.21.18.268,1.027,23.049,-37.378,-30.610
1627604478308,2021-07-29T20.21.18.308,1.067,56.463,-75.488,-66.463
1627604478347,2021-07-29T20.21.18.347,1.106,46.951,-80.732,-47.195
1627604478387,2021-07-29T20.21.18.387,1.146,39.451,-81.341,-46.829
1627604478426,2021-07-29T20.21.18.426,1.185,60.671,-70.244,-43.963
1627604478466,2021-07-29T20.21.18.466,1.225,134.817,-111.402,-54.939
1627604478505,2021-07-29T20.21.18.505,1.264,248.598,-107.439,-57.744
1627604478545,2021-07-29T20.21.18.545,1.304,153.963,-158.110,-108.476
1627604478585,2021-07-29T20.21.18.585,1.344,90.915,-97.256,-89.146
1627604478624,2021-07-29T20.21.18.624,1.383,63.476,-18.049,-22.744
1627604478664,2021-07-29T20.21.18.664,1.423,29.390,-34.085,-17.012
1627604478703,2021-07-29T20.21.18.703,1.462,20.061,-18.354,-2.561
1627604478743,2021-07-29T20.21.18.743,1.502,65.732,5.976,1.524
1627604478781,2021-07-29T20.21.18.781,1.540,31.463,11.707,0.000
1627604478820,2021-07-29T20.21.18.820,1.579,1.585,0.061,0.122
1627604478860,2021-07-29T20.21.18.860,1.619,24.512,5.488,1.890
1627604478899,2021-07-29T20.21.18.899,1.658,32.073,23.049,9.939
1627604478939,2021-07-29T20.21.18.939,1.698,29.451,36.524,16.463
1627604478979,2021-07-29T20.21.18.979,1.738,24.634,44.878,29.817
1627604479018,2021-07-29T20.21.19.018,1.777,-10.305,29.268,26.707
1627604479058,2021-07-29T20.21.19.058,1.817,-24.756,-9.695,0.793
1627604479097,2021-07-29T20.21.19.097,1.856,-39.390,-9.024,2.195
1627604479137,2021-07-29T20.21.19.137,1.896,-32.073,10.183,14.634
1627604479176,2021-07-29T20.21.19.176,1.935,-34.573,4.329,3.293
1627604479216,2021-07-29T20.21.19.216,1.975,-29.329,-2.256,-0.793
1627604479255,2021-07-29T20.21.19.255,2.014,-26.463,-5.671,-0.732
1627604479295,2021-07-29T20.21.19.295,2.054,15.976,-19.390,11.037
1627604479335,2021-07-29T20.21.19.335,2.094,52.195,-19.085,20.671
1627604479374,2021-07-29T20.21.19.374,2.133,5.122,-2.622,3.659
1627604479414,2021-07-29T20.21.19.414,2.173,0.671,-3.659,-4.634
1627604479453,2021-07-29T20.21.19.453,2.212,6.037,-0.671,0.305
1627604479493,2021-07-29T20.21.19.493,2.252,6.159,4.268,2.988
1627604479532,2021-07-29T20.21.19.532,2.291,2.988,9.390,3.415
1627604479572,2021-07-29T20.21.19.572,2.331,-25.610,39.268,2.134
1627604479611,2021-07-29T20.21.19.611,2.370,-88.415,62.805,45.305
1627604479651,2021-07-29T20.21.19.651,2.410,-51.768,47.622,49.573
1627604479691,2021-07-29T20.21.19.691,2.450,-6.524,0.000,-2.500
1627604479730,2021-07-29T20.21.19.730,2.489,-15.183,-34.695,-19.756
1627604479770,2021-07-29T20.21.19.770,2.529,-7.012,-12.561,-6.890
1627604479809,2021-07-29T20.21.19.809,2.568,2.622,7.378,6.890
1627604479849,2021-07-29T20.21.19.849,2.608,1.524,12.500,8.049
1627604479888,2021-07-29T20.21.19.888,2.647,-6.220,10.061,5.488
1627604479928,2021-07-29T20.21.19.928,2.687,-5.122,10.854,5.732
1627604479967,2021-07-29T20.21.19.967,2.726,-4.024,9.695,3.720
1627604480007,2021-07-29T20.21.20.007,2.766,-5.671,7.256,0.122
1627604480045,2021-07-29T20.21.20.045,2.804,-18.476,15.549,2.622
1627604480085,2021-07-29T20.21.20.085,2.844,-53.293,37.744,31.098
1627604480124,2021-07-29T20.21.20.124,2.883,-40.122,102.805,52.927
1627604480164,2021-07-29T20.21.20.164,2.923,-44.024,92.439,55.427
1627604480203,2021-07-29T20.21.20.203,2.962,-22.500,-9.939,16.585
1627604480243,2021-07-29T20.21.20.243,3.002,-4.451,-55.732,-12.988
1627604480282,2021-07-29T20.21.20.282,3.041,-12.439,-43.354,-8.537
1627604480322,2021-07-29T20.21.20.322,3.081,0.915,0.122,3.537
1627604480361,2021-07-29T20.21.20.361,3.120,2.195,22.683,7.500
1627604480401,2021-07-29T20.21.20.401,3.160,0.793,18.476,7.988
1627604480441,2021-07-29T20.21.20.441,3.200,-2.805,3.293,1.220
1627604480480,2021-07-29T20.21.20.480,3.239,-3.902,-7.927,-3.354
1627604480520,2021-07-29T20.21.20.520,3.279,-0.122,1.159,0.366
1627604480559,2021-07-29T20.21.20.559,3.318,-2.073,-1.220,-0.183
1627604480599,2021-07-29T20.21.20.599,3.358,-0.488,-10.183,-3.598
1627604480638,2021-07-29T20.21.20.638,3.397,-2.439,-12.683,-3.902
1627604480678,2021-07-29T20.21.20.678,3.437,-0.244,-8.354,-0.915
1627604480717,2021-07-29T20.21.20.717,3.476,2.622,0.854,1.463
1627604480757,2021-07-29T20.21.20.757,3.516,2.805,5.610,3.232
1627604480796,2021-07-29T20.21.20.796,3.555,3.659,10.671,7.317
1627604480836,2021-07-29T20.21.20.836,3.595,-0.549,9.512,9.207
1627604480876,2021-07-29T20.21.20.876,3.635,0.122,7.561,9.024
1627604480915,2021-07-29T20.21.20.915,3.674,-7.500,-2.622,3.841
1627604480955,2021-07-29T20.21.20.955,3.714,-18.963,-23.963,-3.659
1627604480994,2021-07-29T20.21.20.994,3.753,-40.793,-43.963,-14.268
1627604481034,2021-07-29T20.21.21.034,3.793,-42.439,-70.732,24.451
1627604481073,2021-07-29T20.21.21.073,3.832,-50.854,-1.951,41.829
1627604481113,2021-07-29T20.21.21.113,3.872,-8.232,-9.329,1.829
1627604481152,2021-07-29T20.21.21.152,3.911,-6.280,-3.841,-3.354
1627604481192,2021-07-29T20.21.21.192,3.951,-15.610,-11.707,-8.476
1627604481232,2021-07-29T20.21.21.232,3.991,13.720,-6.646,-7.988
1627604481271,2021-07-29T20.21.21.271,4.030,26.159,6.951,8.659
1627604481309,2021-07-29T20.21.21.309,4.068,14.878,-0.427,8.963
1627604481350,2021-07-29T20.21.21.350,4.109,12.439,0.793,5.793
1627604481388,2021-07-29T20.21.21.388,4.147,13.659,9.268,8.476
1627604481428,2021-07-29T20.21.21.428,4.187,12.439,22.256,14.024
1627604481467,2021-07-29T20.21.21.467,4.226,17.073,13.720,10.305
1627604481507,2021-07-29T20.21.21.507,4.266,8.963,0.488,1.220
1627604481546,2021-07-29T20.21.21.546,4.305,-3.476,-1.829,1.037
1627604481586,2021-07-29T20.21.21.586,4.345,-6.585,-5.305,-0.488
1627604481626,2021-07-29T20.21.21.626,4.385,2.134,2.805,1.280
1627604481665,2021-07-29T20.21.21.665,4.424,5.671,3.232,1.280
1627604481705,2021-07-29T20.21.21.705,4.464,1.768,-0.244,-0.305
1627604481744,2021-07-29T20.21.21.744,4.503,0.915,0.915,0.488
1627604481784,2021-07-29T20.21.21.784,4.543,-0.732,1.524,1.524
1627604481823,2021-07-29T20.21.21.823,4.582,3.110,0.000,-0.671
1627604481863,2021-07-29T20.21.21.863,4.622,0.183,-0.732,-0.610
1627604481902,2021-07-29T20.21.21.902,4.661,1.280,0.793,0.915
1627604481942,2021-07-29T20.21.21.942,4.701,5.122,-1.463,-1.402
1627604481982,2021-07-29T20.21.21.982,4.741,-0.488,0.061,0.000
1627604482021,2021-07-29T20.21.22.021,4.780,0.732,0.976,1.037
1627604482061,2021-07-29T20.21.22.061,4.820,0.305,-1.646,-1.037
1627604482100,2021-07-29T20.21.22.100,4.859,-2.866,-5.000,-2.012
1627604482140,2021-07-29T20.21.22.140,4.899,-2.439,-9.085,-3.476
1627604482179,2021-07-29T20.21.22.179,4.938,-10.976,-19.451,-7.622
1627604482219,2021-07-29T20.21.22.219,4.978,-25.305,-31.646,-15.061
1627604482258,2021-07-29T20.21.22.258,5.017,-13.598,-22.073,-11.524
1627604482298,2021-07-29T20.21.22.298,5.057,7.988,-5.854,-2.744
1627604482337,2021-07-29T20.21.22.337,5.096,15.732,0.549,-0.976
1627604482377,2021-07-29T20.21.22.377,5.136,14.451,7.439,2.012
1627604482417,2021-07-29T20.21.22.417,5.176,2.317,1.098,0.915
1627604482456,2021-07-29T20.21.22.456,5.215,2.378,-0.305,-0.488
1627604482496,2021-07-29T20.21.22.496,5.255,2.500,1.524,0.915
1627604482535,2021-07-29T20.21.22.535,5.294,0.671,0.549,0.488
1627604482573,2021-07-29T20.21.22.573,5.332,-1.890,-4.939,-1.951
1627604482613,2021-07-29T20.21.22.613,5.372,-11.220,-9.878,-3.232
1627604482652,2021-07-29T20.21.22.652,5.411,-20.183,-15.610,-6.341
1627604482692,2021-07-29T20.21.22.692,5.451,-31.524,-19.878,-13.110
1627604482732,2021-07-29T20.21.22.732,5.491,-10.671,-32.683,-6.341
1627604482771,2021-07-29T20.21.22.771,5.530,58.841,-41.951,18.293
1627604482811,2021-07-29T20.21.22.811,5.570,74.878,-22.439,10.915
1627604482850,2021-07-29T20.21.22.850,5.609,138.659,31.524,3.659
1627604482890,2021-07-29T20.21.22.890,5.649,157.256,93.476,10.366
1627604482929,2021-07-29T20.21.22.929,5.688,100.427,112.988,6.524
1627604482969,2021-07-29T20.21.22.969,5.728,8.537,67.317,0.000
1627604483008,2021-07-29T20.21.23.008,5.767,-47.805,-6.220,-16.768
1627604483048,2021-07-29T20.21.23.048,5.807,-41.159,36.890,12.744
1627604483087,2021-07-29T20.21.23.087,5.846,-88.415,156.707,187.378
1627604483127,2021-07-29T20.21.23.127,5.886,15.366,139.390,287.744
1627604483167,2021-07-29T20.21.23.167,5.926,163.232,161.098,395.427
1627604483206,2021-07-29T20.21.23.206,5.965,96.341,103.232,355.000
1627604483246,2021-07-29T20.21.23.246,6.005,71.402,22.256,200.061
1627604483285,2021-07-29T20.21.23.285,6.044,50.000,-8.659,116.768
1627604483325,2021-07-29T20.21.23.325,6.084,11.037,-45.732,51.951
1627604483364,2021-07-29T20.21.23.364,6.123,3.780,-15.549,41.402
1627604483404,2021-07-29T20.21.23.404,6.163,-1.463,-31.037,16.098
1627604483443,2021-07-29T20.21.23.443,6.202,-20.305,-44.207,0.732
1627604483483,2021-07-29T20.21.23.483,6.242,28.171,-36.463,57.439
1627604483523,2021-07-29T20.21.23.523,6.282,22.988,17.256,28.354
1627604483562,2021-07-29T20.21.23.562,6.321,122.378,76.768,8.354
1627604483602,2021-07-29T20.21.23.602,6.361,95.244,101.646,130.793
1627604483641,2021-07-29T20.21.23.641,6.400,-35.915,53.354,172.317
1627604483681,2021-07-29T20.21.23.681,6.440,-47.744,40.610,126.585
1627604483720,2021-07-29T20.21.23.720,6.479,-1.280,-26.829,108.659
1627604483758,2021-07-29T20.21.23.758,6.517,-2.561,-9.207,111.707
1627604483798,2021-07-29T20.21.23.798,6.557,-37.012,50.488,137.073
1627604483837,2021-07-29T20.21.23.837,6.596,-39.939,30.610,66.341
1627604483877,2021-07-29T20.21.23.877,6.636,14.817,17.500,40.000
1627604483917,2021-07-29T20.21.23.917,6.676,6.280,6.707,96.463
1627604483956,2021-07-29T20.21.23.956,6.715,-21.890,12.805,102.988
1627604483996,2021-07-29T20.21.23.996,6.755,-9.756,17.866,66.280
1627604484035,2021-07-29T20.21.24.035,6.794,-17.683,16.585,-1.524
1627604484075,2021-07-29T20.21.24.075,6.834,-45.122,-48.598,-4.329
1627604484114,2021-07-29T20.21.24.114,6.873,-28.049,-113.902,32.866
1627604484154,2021-07-29T20.21.24.154,6.913,15.854,-82.988,77.012
1627604484193,2021-07-29T20.21.24.193,6.952,33.476,-57.073,144.634
1627604484233,2021-07-29T20.21.24.233,6.992,11.707,-22.073,135.610
1627604484273,2021-07-29T20.21.24.273,7.032,16.951,7.195,70.549
1627604484312,2021-07-29T20.21.24.312,7.071,30.793,-10.915,47.073
1627604484352,2021-07-29T20.21.24.352,7.111,25.488,-32.073,113.049
1627604484391,2021-07-29T20.21.24.391,7.150,-22.317,-41.890,146.951
1627604484431,2021-07-29T20.21.24.431,7.190,-17.988,-36.646,134.451
1627604484470,2021-07-29T20.21.24.470,7.229,15.244,8.476,160.061
1627604484510,2021-07-29T20.21.24.510,7.269,4.146,23.293,320.488
1627604484549,2021-07-29T20.21.24.549,7.308,13.659,13.841,261.037
1627604484589,2021-07-29T20.21.24.589,7.348,35.305,29.146,118.537
1627604484629,2021-07-29T20.21.24.629,7.388,30.915,41.890,62.866
1627604484668,2021-07-29T20.21.24.668,7.427,127.195,36.707,141.646
1627604484708,2021-07-29T20.21.24.708,7.467,52.805,34.512,312.805
1627604484747,2021-07-29T20.21.24.747,7.506,23.415,-61.524,264.756
1627604484787,2021-07-29T20.21.24.787,7.546,18.963,34.512,195.122
1627604484826,2021-07-29T20.21.24.826,7.585,23.293,30.122,5.305
1627604484866,2021-07-29T20.21.24.866,7.625,-21.220,14.573,-7.317
1627604484905,2021-07-29T20.21.24.905,7.664,-133.171,49.939,105.732
1627604484943,2021-07-29T20.21.24.943,7.702,-131.220,37.866,198.171
1627604484984,2021-07-29T20.21.24.984,7.743,-95.061,27.683,207.439
1627604485023,2021-07-29T20.21.25.023,7.782,-96.280,40.061,223.049
1627604485062,2021-07-29T20.21.25.062,7.821,-41.341,35.549,281.707
1627604485102,2021-07-29T20.21.25.102,7.861,23.780,-8.110,193.293
1627604485141,2021-07-29T20.21.25.141,7.900,39.573,-6.402,137.866
1627604485181,2021-07-29T20.21.25.181,7.940,20.854,-4.024,270.732
1627604485220,2021-07-29T20.21.25.220,7.979,11.220,34.268,242.683
1627604485260,2021-07-29T20.21.25.260,8.019,32.195,-0.305,146.829
1627604485299,2021-07-29T20.21.25.299,8.058,30.549,6.159,260.793
1627604485339,2021-07-29T20.21.25.339,8.098,15.183,24.024,236.951
1627604485379,2021-07-29T20.21.25.379,8.138,-9.878,42.683,171.890
1627604485418,2021-07-29T20.21.25.418,8.177,16.585,14.085,266.159
1627604485458,2021-07-29T20.21.25.458,8.217,49.756,9.024,233.232
1627604485497,2021-07-29T20.21.25.497,8.256,72.866,19.146,88.720
1627604485537,2021-07-29T20.21.25.537,8.296,42.805,46.646,41.402
1627604485576,2021-07-29T20.21.25.576,8.335,20.183,-7.073,65.122
1627604485616,2021-07-29T20.21.25.616,8.375,-16.829,-134.878,157.988
1627604485655,2021-07-29T20.21.25.655,8.414,-73.171,-47.012,102.866
1627604485695,2021-07-29T20.21.25.695,8.454,-213.841,17.683,145.305
1627604485734,2021-07-29T20.21.25.734,8.493,-158.476,-3.963,137.134
1627604485774,2021-07-29T20.21.25.774,8.533,-19.573,65.366,1.951
1627604485814,2021-07-29T20.21.25.814,8.573,46.159,40.671,47.500
1627604485853,2021-07-29T20.21.25.853,8.612,11.341,37.744,49.085
1627604485893,2021-07-29T20.21.25.893,8.652,-1.220,11.829,12.256
1627604485932,2021-07-29T20.21.25.932,8.691,-13.049,-24.817,-32.866
1627604485972,2021-07-29T20.21.25.972,8.731,44.268,-16.585,-21.768
1627604486011,2021-07-29T20.21.26.011,8.770,20.915,-14.207,-10.366
1627604486051,2021-07-29T20.21.26.051,8.810,-35.305,-23.720,-21.585
1627604486090,2021-07-29T20.21.26.090,8.849,-35.610,1.341,-7.500
1627604486130,2021-07-29T20.21.26.130,8.889,-41.890,26.159,-5.122
1627604486170,2021-07-29T20.21.26.170,8.929,-39.085,9.268,-12.988
1627604486208,2021-07-29T20.21.26.208,8.967,20.610,51.280,11.768
1627604486247,2021-07-29T20.21.26.247,9.006,24.512,47.622,-44.756
1627604486287,2021-07-29T20.21.26.287,9.046,43.354,74.695,-136.951
1627604486326,2021-07-29T20.21.26.326,9.085,85.854,101.463,-207.317
1627604486366,2021-07-29T20.21.26.366,9.125,38.354,92.927,-166.829
1627604486405,2021-07-29T20.21.26.405,9.164,7.439,63.354,-150.244
1627604486445,2021-07-29T20.21.26.445,9.204,1.768,6.829,-76.463
1627604486484,2021-07-29T20.21.26.484,9.243,-5.244,-25.915,50.671
1627604486524,2021-07-29T20.21.26.524,9.283,30.305,-25.000,216.646
1627604486564,2021-07-29T20.21.26.564,9.323,11.890,-55.244,84.695
1627604486603,2021-07-29T20.21.26.603,9.362,8.659,-26.707,18.902
1627604486643,2021-07-29T20.21.26.643,9.402,42.073,-15.000,149.268
1627604486682,2021-07-29T20.21.26.682,9.441,72.134,28.963,226.341
1627604486722,2021-07-29T20.21.26.722,9.481,38.841,24.695,321.402
1627604486761,2021-07-29T20.21.26.761,9.520,5.549,-3.841,299.878
1627604486801,2021-07-29T20.21.26.801,9.560,-26.646,-40.549,185.183
1627604486840,2021-07-29T20.21.26.840,9.599,-70.793,-8.720,114.207
1627604486880,2021-07-29T20.21.26.880,9.639,-151.768,19.451,237.561
1627604486920,2021-07-29T20.21.26.920,9.679,-25.671,43.049,285.549
1627604486959,2021-07-29T20.21.26.959,9.718,2.134,49.878,167.622
1627604486999,2021-07-29T20.21.26.999,9.758,-45.915,90.061,156.463
1627604487038,2021-07-29T20.21.27.038,9.797,30.183,-59.146,63.902
1627604487078,2021-07-29T20.21.27.078,9.837,48.354,-107.378,-37.317
1627604487117,2021-07-29T20.21.27.117,9.876,4.878,-50.915,5.793
1627604487157,2021-07-29T20.21.27.157,9.916,58.537,-42.256,69.085
1627604487196,2021-07-29T20.21.27.196,9.955,62.988,22.500,96.463
1627604487236,2021-07-29T20.21.27.236,9.995,8.049,41.220,96.037
1627604487275,2021-07-29T20.21.27.275,10.034,64.695,6.341,187.622
1627604487315,2021-07-29T20.21.27.315,10.074,2.195,11.890,223.232
1627604487355,2021-07-29T20.21.27.355,10.114,-35.305,15.427,197.256
1627604487394,2021-07-29T20.21.27.394,10.153,30.610,-21.341,252.988
1627604487432,2021-07-29T20.21.27.432,10.191,61.585,-47.927,228.963
1627604487472,2021-07-29T20.21.27.472,10.231,17.744,-24.268,192.744
1627604487511,2021-07-29T20.21.27.511,10.270,-34.695,-8.415,289.024
1627604487551,2021-07-29T20.21.27.551,10.310,-14.512,52.256,121.890
1627604487590,2021-07-29T20.21.27.590,10.349,-20.915,161.524,63.841
1627604487630,2021-07-29T20.21.27.630,10.389,6.768,141.646,183.415
1627604487670,2021-07-29T20.21.27.670,10.429,113.354,97.256,483.171
1627604487709,2021-07-29T20.21.27.709,10.468,52.195,65.000,452.073
1627604487749,2021-07-29T20.21.27.749,10.508,-14.024,51.280,228.841
1627604487788,2021-07-29T20.21.27.788,10.547,6.585,16.220,82.439
1627604487828,2021-07-29T20.21.27.828,10.587,-70.915,-18.841,53.902
1627604487867,2021-07-29T20.21.27.867,10.626,-137.195,-58.963,122.683
1627604487907,2021-07-29T20.21.27.907,10.666,-87.439,-30.244,126.646
1627604487946,2021-07-29T20.21.27.946,10.705,-80.000,23.598,222.256
1627604487986,2021-07-29T20.21.27.986,10.745,-111.951,62.195,423.415
1627604488025,2021-07-29T20.21.28.025,10.784,-75.976,88.110,547.927
1627604488065,2021-07-29T20.21.28.065,10.824,3.659,28.720,280.488
1627604488105,2021-07-29T20.21.28.105,10.864,69.695,-62.073,14.390
1627604488144,2021-07-29T20.21.28.144,10.903,198.963,-165.793,114.756
1627604488184,2021-07-29T20.21.28.184,10.943,-12.622,-101.707,254.024
1627604488223,2021-07-29T20.21.28.223,10.982,-44.878,-50.732,227.317
1627604488263,2021-07-29T20.21.28.263,11.022,-6.707,-39.939,217.439
1627604488302,2021-07-29T20.21.28.302,11.061,-0.610,3.110,151.280
1627604488342,2021-07-29T20.21.28.342,11.101,-5.488,-20.549,89.939
1627604488381,2021-07-29T20.21.28.381,11.140,40.976,95.183,47.134
1627604488421,2021-07-29T20.21.28.421,11.180,18.049,154.024,79.085
1627604488461,2021-07-29T20.21.28.461,11.220,-2.805,154.817,74.329
1627604488500,2021-07-29T20.21.28.500,11.259,-12.378,99.817,9.817
1627604488540,2021-07-29T20.21.28.540,11.299,19.085,100.976,96.220
1627604488578,2021-07-29T20.21.28.578,11.337,13.963,74.634,185.122
1627604488617,2021-07-29T20.21.28.617,11.376,6.829,0.183,68.598
1627604488657,2021-07-29T20.21.28.657,11.416,-6.768,-81.098,46.951
1627604488696,2021-07-29T20.21.28.696,11.455,-35.915,-146.646,226.037
1627604488736,2021-07-29T20.21.28.736,11.495,-59.573,-72.622,239.146
1627604488775,2021-07-29T20.21.28.775,11.534,-78.110,17.317,219.878
1627604488815,2021-07-29T20.21.28.815,11.574,-16.768,-53.720,167.927
1627604488855,2021-07-29T20.21.28.855,11.614,1.768,-22.317,155.000
1627604488894,2021-07-29T20.21.28.894,11.653,16.707,50.915,63.110
1627604488934,2021-07-29T20.21.28.934,11.693,37.866,117.622,77.256
1627604488973,2021-07-29T20.21.28.973,11.732,15.793,60.244,105.610
1627604489013,2021-07-29T20.21.29.013,11.772,-22.012,-27.561,52.195
1627604489052,2021-07-29T20.21.29.052,11.811,-28.476,28.720,46.402
1627604489092,2021-07-29T20.21.29.092,11.851,-32.988,31.098,40.000
1627604489131,2021-07-29T20.21.29.131,11.890,-143.171,-34.390,49.939
1627604489171,2021-07-29T20.21.29.171,11.930,8.049,-22.744,251.402
1627604489211,2021-07-29T20.21.29.211,11.970,2.744,4.207,236.768
1627604489250,2021-07-29T20.21.29.250,12.009,-47.256,2.805,99.329
1627604489290,2021-07-29T20.21.29.290,12.049,-29.939,-42.317,-21.829
1627604489329,2021-07-29T20.21.29.329,12.088,25.793,-30.915,-8.537
1627604489369,2021-07-29T20.21.29.369,12.128,25.610,-73.537,18.659
1627604489408,2021-07-29T20.21.29.408,12.167,40.610,-117.561,99.268
1627604489448,2021-07-29T20.21.29.448,12.207,119.085,-58.537,252.195
1627604489487,2021-07-29T20.21.29.487,12.246,137.439,-47.805,257.622
1627604489527,2021-07-29T20.21.29.527,12.286,-22.927,58.171,40.305
1627604489566,2021-07-29T20.21.29.566,12.325,-135.915,127.622,67.134
1627604489606,2021-07-29T20.21.29.606,12.365,-99.878,86.524,209.390
1627604489646,2021-07-29T20.21.29.646,12.405,-9.756,35.549,150.854
1627604489685,2021-07-29T20.21.29.685,12.444,3.049,45.305,46.098
1627604489725,2021-07-29T20.21.29.725,12.484,9.024,37.805,98.902
1627604489763,2021-07-29T20.21.29.763,12.522,-11.220,89.756,212.744
1627604489802,2021-07-29T20.21.29.802,12.561,-16.220,56.037,214.695
1627604489842,2021-07-29T20.21.29.842,12.601,-6.037,15.305,210.549
1627604489881,2021-07-29T20.21.29.881,12.640,-76.951,19.939,219.024
1627604489921,2021-07-29T20.21.29.921,12.680,-27.256,-0.366,79.451
1627604489961,2021-07-29T20.21.29.961,12.720,-8.659,28.049,-17.622
1627604490000,2021-07-29T20.21.30.000,12.759,-17.744,1.585,25.061
1627604490040,2021-07-29T20.21.30.040,12.799,-23.963,-62.195,39.634
1627604490079,2021-07-29T20.21.30.079,12.838,-21.220,-117.988,42.317
1627604490119,2021-07-29T20.21.30.119,12.878,5.671,-126.037,67.683
1627604490158,2021-07-29T20.21.30.158,12.917,-65.061,-189.756,300.793
1627604490198,2021-07-29T20.21.30.198,12.957,-50.854,-9.451,249.451
1627604490237,2021-07-29T20.21.30.237,12.996,-3.659,23.659,58.049
1627604490277,2021-07-29T20.21.30.277,13.036,5.854,25.183,41.159
1627604490316,2021-07-29T20.21.30.316,13.075,68.659,104.634,204.390
1627604490356,2021-07-29T20.21.30.356,13.115,153.659,78.415,415.427
1627604490396,2021-07-29T20.21.30.396,13.155,81.707,-31.646,200.671
1627604490435,2021-07-29T20.21.30.435,13.194,-62.622,-150.244,243.476
1627604490475,2021-07-29T20.21.30.475,13.234,-83.902,-107.683,356.159
1627604490514,2021-07-29T20.21.30.514,13.273,119.878,144.573,115.976
1627604490554,2021-07-29T20.21.30.554,13.313,75.549,4.756,9.146
1627604490593,2021-07-29T20.21.30.593,13.352,-87.927,-44.329,208.780
1627604490633,2021-07-29T20.21.30.633,13.392,-35.732,-35.976,254.146
1627604490672,2021-07-29T20.21.30.672,13.431,7.561,-73.720,198.963
1627604490712,2021-07-29T20.21.30.712,13.471,63.293,-67.500,151.829
1627604490752,2021-07-29T20.21.30.752,13.511,6.524,67.866,-3.537
1627604490791,2021-07-29T20.21.30.791,13.550,-33.902,149.817,30.366
1627604490831,2021-07-29T20.21.30.831,13.590,-56.585,87.195,56.220
1627604490870,2021-07-29T20.21.30.870,13.629,-29.085,82.927,205.305
1627604490910,2021-07-29T20.21.30.910,13.669,59.512,-4.268,323.780
1627604490948,2021-07-29T20.21.30.948,13.707,52.561,-40.610,234.085
1627604490987,2021-07-29T20.21.30.987,13.746,-21.037,135.793,262.073
1627604491027,2021-07-29T20.21.31.027,13.786,-29.085,103.659,242.500
1627604491066,2021-07-29T20.21.31.066,13.825,-28.293,25.122,128.354
1627604491106,2021-07-29T20.21.31.106,13.865,-51.220,7.256,287.378
1627604491146,2021-07-29T20.21.31.146,13.905,-22.866,-32.256,216.585
1627604491185,2021-07-29T20.21.31.185,13.944,36.098,-72.988,120.549
1627604491225,2021-07-29T20.21.31.225,13.984,-17.500,-95.732,136.951
1627604491264,2021-07-29T20.21.31.264,14.023,-144.939,16.341,207.256
1627604491304,2021-07-29T20.21.31.304,14.063,-46.951,95.976,282.439
1627604491343,2021-07-29T20.21.31.343,14.102,-51.646,16.159,204.268
1627604491383,2021-07-29T20.21.31.383,14.142,34.451,-74.085,93.537
1627604491422,2021-07-29T20.21.31.422,14.181,87.439,-8.232,52.500
1627604491462,2021-07-29T20.21.31.462,14.221,90.732,45.305,187.988
1627604491502,2021-07-29T20.21.31.502,14.261,81.341,30.610,263.171
1627604491541,2021-07-29T20.21.31.541,14.300,2.561,-13.110,243.232
1627604491581,2021-07-29T20.21.31.581,14.340,5.183,14.512,204.939
1627604491620,2021-07-29T20.21.31.620,14.379,70.610,3.232,263.415
1627604491660,2021-07-29T20.21.31.660,14.419,-12.561,-65.976,356.402
1627604491699,2021-07-29T20.21.31.699,14.458,-34.268,-35.061,251.341
1627604491739,2021-07-29T20.21.31.739,14.498,14.634,-48.476,234.573
1627604491778,2021-07-29T20.21.31.778,14.537,30.915,-61.159,182.622
1627604491818,2021-07-29T20.21.31.818,14.577,1.220,106.037,122.683
1627604491858,2021-07-29T20.21.31.858,14.617,-63.171,165.305,208.293
1627604491897,2021-07-29T20.21.31.897,14.656,-87.317,182.561,155.732
1627604491937,2021-07-29T20.21.31.937,14.696,31.280,204.390,203.902
1627604491976,2021-07-29T20.21.31.976,14.735,22.683,-8.049,99.268
1627604492016,2021-07-29T20.21.32.016,14.775,25.427,-60.244,110.244
1627604492055,2021-07-29T20.21.32.055,14.814,9.207,17.256,197.317
1627604492095,2021-07-29T20.21.32.095,14.854,-26.951,-53.841,43.110
1627604492133,2021-07-29T20.21.32.133,14.892,-67.256,7.927,-38.476
1627604492172,2021-07-29T20.21.32.172,14.931,-62.073,54.329,-11.951
1627604492212,2021-07-29T20.21.32.212,14.971,-89.756,-72.500,23.537
1627604492252,2021-07-29T20.21.32.252,15.011,-41.890,-119.085,60.854
1627604492291,2021-07-29T20.21.32.291,15.050,96.524,107.805,151.707
1627604492331,2021-07-29T20.21.32.331,15.090,74.268,145.366,371.098
1627604492370,2021-07-29T20.21.32.370,15.129,123.963,89.390,435.488
1627604492410,2021-07-29T20.21.32.410,15.169,52.988,12.683,303.171
1627604492449,2021-07-29T20.21.32.449,15.208,-68.659,-30.854,265.183
1627604492489,2021-07-29T20.21.32.489,15.248,-62.683,-30.122,286.341
1627604492528,2021-07-29T20.21.32.528,15.287,-71.646,-21.768,285.427
1627604492568,2021-07-29T20.21.32.568,15.327,-112.561,22.988,333.293
1627604492608,2021-07-29T20.21.32.608,15.367,-82.439,7.134,210.732
1627604492647,2021-07-29T20.21.32.647,15.406,-64.878,1.159,16.768
1627604492687,2021-07-29T20.21.32.687,15.446,-18.963,-16.037,-28.780
1627604492726,2021-07-29T20.21.32.726,15.485,29.817,3.171,-14.207
1627604492766,2021-07-29T20.21.32.766,15.525,40.915,39.329,-13.841
1627604492805,2021-07-29T20.21.32.805,15.564,17.744,89.695,22.744
1627604492845,2021-07-29T20.21.32.845,15.604,17.805,90.793,85.610
1627604492884,2021-07-29T20.21.32.884,15.643,6.098,106.524,188.415
1627604492924,2021-07-29T20.21.32.924,15.683,-34.085,154.146,349.146
1627604492963,2021-07-29T20.21.32.963,15.722,-35.305,156.341,494.878
1627604493003,2021-07-29T20.21.33.003,15.762,-32.866,-28.049,214.634
1627604493043,2021-07-29T20.21.33.043,15.802,-85.793,-126.280,114.024
1627604493082,2021-07-29T20.21.33.082,15.841,-102.744,-183.232,326.646
1627604493122,2021-07-29T20.21.33.122,15.881,-51.890,-152.134,212.622
1627604493161,2021-07-29T20.21.33.161,15.920,-39.207,-55.915,65.915
1627604493201,2021-07-29T20.21.33.201,15.960,-80.610,-39.146,147.439
1627604493240,2021-07-29T20.21.33.240,15.999,-35.305,-28.293,319.634
1627604493280,2021-07-29T20.21.33.280,16.039,16.829,6.707,197.988
1627604493318,2021-07-29T20.21.33.318,16.077,-16.524,14.634,161.463
1627604493358,2021-07-29T20.21.33.358,16.117,-20.549,10.976,120.732
1627604493397,2021-07-29T20.21.33.397,16.156,-0.610,-23.171,25.061
1627604493437,2021-07-29T20.21.33.437,16.196,56.159,-45.183,74.939
1627604493476,2021-07-29T20.21.33.476,16.235,-3.476,-8.110,55.183
1627604493516,2021-07-29T20.21.33.516,16.275,-31.098,9.329,3.415
1627604493555,2021-07-29T20.21.33.555,16.314,-37.744,10.244,-28.232
1627604493595,2021-07-29T20.21.33.595,16.354,-34.878,3.963,-57.195
1627604493634,2021-07-29T20.21.33.634,16.393,1.463,-2.561,-64.878
1627604493674,2021-07-29T20.21.33.674,16.433,71.890,-54.329,11.098
1627604493713,2021-07-29T20.21.33.713,16.472,36.402,-45.000,8.659
1627604493753,2021-07-29T20.21.33.753,16.512,-50.915,-72.500,-29.878
1627604493793,2021-07-29T20.21.33.793,16.552,-122.073,-89.817,-153.415
1627604493832,2021-07-29T20.21.33.832,16.591,-78.049,-18.841,-180.610
1627604493872,2021-07-29T20.21.33.872,16.631,-63.293,13.963,-134.695
1627604493911,2021-07-29T20.21.33.911,16.670,-70.244,10.671,-83.841
1627604493951,2021-07-29T20.21.33.951,16.710,-87.439,12.073,-46.220
1627604493990,2021-07-29T20.21.33.990,16.749,-135.854,27.500,-32.256
1627604494030,2021-07-29T20.21.34.030,16.789,-164.451,24.695,-41.098
1627604494069,2021-07-29T20.21.34.069,16.828,-81.524,16.402,-45.549
1627604494109,2021-07-29T20.21.34.109,16.868,-39.573,20.305,-25.305
1627604494149,2021-07-29T20.21.34.149,16.908,-31.463,16.585,-9.146
1627604494188,2021-07-29T20.21.34.188,16.947,-29.390,-0.183,-14.146
1627604494228,2021-07-29T20.21.34.228,16.987,-66.341,-12.561,-42.439
1627604494267,2021-07-29T20.21.34.267,17.026,-70.976,-20.427,-48.841
1627604494307,2021-07-29T20.21.34.307,17.066,13.293,-0.976,10.671
1627604494346,2021-07-29T20.21.34.346,17.105,17.988,-1.707,-17.805
1627604494386,2021-07-29T20.21.34.386,17.145,3.415,-14.329,-32.012
1627604494425,2021-07-29T20.21.34.425,17.184,0.183,-18.720,-13.963
1627604494465,2021-07-29T20.21.34.465,17.224,-5.000,-13.537,-7.378
1627604494503,2021-07-29T20.21.34.503,17.262,10.244,-27.439,3.232
1627604494543,2021-07-29T20.21.34.543,17.302,23.902,-149.390,5.854
1627604494582,2021-07-29T20.21.34.582,17.341,-71.037,-275.915,-33.902
1627604494622,2021-07-29T20.21.34.622,17.381,-168.293,31.524,18.171
1627604494661,2021-07-29T20.21.34.661,17.420,-30.610,27.500,56.280
1627604494701,2021-07-29T20.21.34.701,17.460,48.171,-65.793,29.878
1627604494740,2021-07-29T20.21.34.740,17.499,-46.646,59.268,-34.512
1627604494780,2021-07-29T20.21.34.780,17.539,-2.561,57.073,-24.451
1627604494819,2021-07-29T20.21.34.819,17.578,57.073,-0.183,-32.378
1627604494859,2021-07-29T20.21.34.859,17.618,60.854,-27.744,-49.146
1627604494899,2021-07-29T20.21.34.899,17.658,-0.854,77.256,-54.878
1627604494938,2021-07-29T20.21.34.938,17.697,-55.549,201.829,-12.012
1627604494978,2021-07-29T20.21.34.978,17.737,44.939,169.512,-3.780
1627604495017,2021-07-29T20.21.35.017,17.776,125.915,-26.159,-132.683
1627604495057,2021-07-29T20.21.35.057,17.816,75.061,-122.500,-81.951
1627604495096,2021-07-29T20.21.35.096,17.855,23.049,-42.866,-9.085
1627604495136,2021-07-29T20.21.35.136,17.895,15.488,-8.537,-16.524
1627604495175,2021-07-29T20.21.35.175,17.934,29.878,-19.695,-2.439
1627604495215,2021-07-29T20.21.35.215,17.974,14.085,5.000,4.817
1627604495254,2021-07-29T20.21.35.254,18.013,6.098,-8.659,-6.890
1627604495294,2021-07-29T20.21.35.294,18.053,14.390,-35.000,-14.451
1627604495334,2021-07-29T20.21.35.334,18.093,22.866,-63.963,-25.915
1627604495373,2021-07-29T20.21.35.373,18.132,19.878,-71.463,-38.537
1627604495413,2021-07-29T20.21.35.413,18.172,19.390,-60.915,-28.476
1627604495452,2021-07-29T20.21.35.452,18.211,87.317,-121.646,-18.659
1627604495492,2021-07-29T20.21.35.492,18.251,84.268,-98.841,17.439
1627604495531,2021-07-29T20.21.35.531,18.290,3.598,-3.963,10.671
1627604495571,2021-07-29T20.21.35.571,18.330,-1.890,4.573,1.768
1627604495610,2021-07-29T20.21.35.610,18.369,5.671,0.305,3.232
1627604495650,2021-07-29T20.21.35.650,18.409,5.305,7.866,5.183
1627604495688,2021-07-29T20.21.35.688,18.447,5.976,3.659,9.146
1627604495728,2021-07-29T20.21.35.728,18.487,20.732,14.634,17.622
1627604495767,2021-07-29T20.21.35.767,18.526,24.939,22.256,18.049
1627604495807,2021-07-29T20.21.35.807,18.566,25.671,35.427,27.500
1627604495846,2021-07-29T20.21.35.846,18.605,17.073,22.378,19.390
1627604495886,2021-07-29T20.21.35.886,18.645,-8.476,-5.976,-3.659
1627604495925,2021-07-29T20.21.35.925,18.684,-18.476,-20.061,-16.098
1627604495965,2021-07-29T20.21.35.965,18.724,-15.000,-14.756,-12.805
1627604496004,2021-07-29T20.21.36.004,18.763,-4.634,-2.683,-1.402
1627604496044,2021-07-29T20.21.36.044,18.803,-3.963,0.488,-0.061
1627604496084,2021-07-29T20.21.36.084,18.843,-4.939,-1.280,-1.098
1627604496123,2021-07-29T20.21.36.123,18.882,-1.524,0.122,-0.366
1627604496163,2021-07-29T20.21.36.163,18.922,2.012,2.622,0.732
1627604496202,2021-07-29T20.21.36.202,18.961,0.915,1.829,-0.244
1627604496242,2021-07-29T20.21.36.242,19.001,2.927,2.683,0.305
1627604496281,2021-07-29T20.21.36.281,19.040,4.390,1.829,0.061
1627604496321,2021-07-29T20.21.36.321,19.080,4.268,1.159,0.793
1627604496360,2021-07-29T20.21.36.360,19.119,4.634,1.829,0.549
1627604496400,2021-07-29T20.21.36.400,19.159,4.695,3.354,0.671
1627604496440,2021-07-29T20.21.36.440,19.199,4.024,1.951,1.402
1627604496479,2021-07-29T20.21.36.479,19.238,4.085,2.195,1.098
1627604496519,2021-07-29T20.21.36.519,19.278,1.341,0.854,0.427
1627604496558,2021-07-29T20.21.36.558,19.317,0.976,2.622,0.488
1627604496598,2021-07-29T20.21.36.598,19.357,0.915,4.085,0.244
1627604496637,2021-07-29T20.21.36.637,19.396,2.622,5.671,-1.890
1627604496677,2021-07-29T20.21.36.677,19.436,3.476,11.951,-3.049
1627604496716,2021-07-29T20.21.36.716,19.475,-2.561,13.720,0.427
1627604496756,2021-07-29T20.21.36.756,19.515,-93.902,56.098,12.622
1627604496795,2021-07-29T20.21.36.795,19.554,-161.768,149.085,3.476
1627604496835,2021-07-29T20.21.36.835,19.594,-8.598,19.390,0.610
1627604496873,2021-07-29T20.21.36.873,19.632,25.244,-51.463,-15.183
1627604496914,2021-07-29T20.21.36.914,19.673,9.207,-17.561,-14.268
1627604496952,2021-07-29T20.21.36.952,19.711,-0.610,11.402,1.098
1627604496992,2021-07-29T20.21.36.992,19.751,-15.854,8.659,7.927
1627604497031,2021-07-29T20.21.37.031,19.790,-47.500,-2.927,37.805
1627604497071,2021-07-29T20.21.37.071,19.830,-87.439,14.024,60.976
1627604497110,2021-07-29T20.21.37.110,19.869,-48.963,-1.829,42.805
1627604497150,2021-07-29T20.21.37.150,19.909,-95.976,-32.134,83.354
1627604497190,2021-07-29T20.21.37.190,19.949,-79.207,-11.951,85.305
1627604497229,2021-07-29T20.21.37.229,19.988,-41.707,-2.744,57.317