DYNAMIXEL Graph,2
MX-12W,360
ItemCount,4
Realtime Tick,#000000,0,1,0
Present Speed,#ffff00,0,1,0
Goal Position,#ff0000,0,1,0
Present Position,#0055ff,0,1,0
Time[ms],Realtime Tick,Present Speed,Goal Position,Present Position
0,20736,0,4090,1167
30,20766,0,4090,1167
40,20776,0,4090,1167
52,20788,0,4090,1167
70,20806,0,4090,1167
84,20820,0,4090,1167
109,20845,0,4090,1167
120,20856,0,4090,1167
132,20868,0,4090,1167
149,20885,0,4090,1167
164,20900,0,4090,1167
190,20926,0,4090,1167
200,20936,0,4090,1167
212,20948,0,4090,1167
230,20966,0,4090,1167
244,20980,0,4090,1167
269,21005,0,4090,1167
279,21015,0,4090,1167
292,21028,0,4090,1167
309,21045,0,4090,1167
324,21060,0,4090,1167
349,21085,0,4090,1167
359,21095,0,4090,1167
372,21108,0,4090,1167
390,21126,0,4090,1167
404,21140,0,4090,1167
430,21166,0,4090,1167
441,21177,0,4090,1167
452,21188,0,4090,1167
470,21206,0,4090,1167
484,21220,0,4090,1167
510,21246,0,4090,1167
520,21256,0,4090,1167
532,21268,0,4090,1167
550,21286,0,4090,1167
564,21300,0,4090,1167
590,21326,0,4090,1167
599,21335,0,4090,1167
612,21348,0,4090,1167
630,21366,0,4090,1167
644,21380,0,4090,1167
669,21405,0,4090,1167
680,21416,0,4090,1167
692,21428,0,4090,1167
710,21446,0,4090,1167
724,21460,0,4090,1167
750,21486,0,4090,1167
760,21496,0,4090,1167
772,21508,0,4090,1167
790,21526,0,4090,1167
804,21540,0,4090,1167
830,21566,0,4090,1167
840,21576,0,4090,1167
853,21589,0,4090,1167
870,21606,0,4090,1167
884,21620,0,4090,1167
910,21646,0,4090,1167
920,21656,0,4090,1167
932,21668,0,4090,1167
950,21686,0,4090,1167
964,21700,0,4090,1167
990,21726,0,4090,1167
1000,21736,0,4090,1167
1012,21748,0,4090,1167
1030,21766,0,4090,1167
1044,21780,0,4090,1167
1070,21806,0,4090,1167
1080,21816,0,4090,1167
1092,21828,0,4090,1167
1108,21844,0,4090,1167
1130,21866,0,4090,1167
1140,21876,0,4090,1167
1160,21896,0,4090,1167
1172,21908,0,4090,1167
1189,21925,0,4090,1167
1204,21940,0,4090,1167
1220,21956,0,4090,1167
1240,21976,0,4090,1167
1252,21988,0,4090,1167
1270,22006,0,4090,1167
1284,22020,0,4090,1167
1300,22036,0,4090,1167
1319,22055,0,4090,1167
1332,22068,0,4090,1167
1349,22085,0,4090,1167
1364,22100,0,4090,1167
1389,22125,0,4090,1167
1399,22135,0,4090,1167
1412,22148,0,4090,1167
1430,22166,0,4090,1167
1444,22180,0,4090,1167
1470,22206,0,4090,1167
1480,22216,0,4090,1167
1493,22229,0,4090,1167
1509,22245,0,4090,1167
1524,22260,0,4090,1167
1540,22276,0,4090,1167
1559,22295,0,4090,1167
1573,22309,0,4090,1167
1588,22324,0,4090,1167
1610,22346,0,4090,1167
1620,22356,0,4090,1167
1640,22376,0,4090,1167
1652,22388,0,4090,1167
1670,22406,0,4090,1167
1684,22420,0,4090,1167
1710,22446,0,4090,1167
1720,22456,0,4090,1167
1732,22468,0,4090,1167
1750,22486,0,4090,1167
1764,22500,0,4090,1167
1790,22526,0,4090,1167
1800,22536,0,4090,1167
1812,22548,0,4090,1167
1830,22566,0,4090,1167
1845,22581,0,4090,1167
1870,22606,0,4090,1167
1880,22616,0,4090,1167
1892,22628,0,4090,1167
1909,22645,0,4090,1167
1930,22666,0,4090,1167
1941,22677,0,4090,1167
1957,22693,0,4090,1167
1979,22715,0,4090,1167
1990,22726,0,4090,1167
2004,22740,0,4090,1167
2030,22766,0,4090,1167
2040,22776,0,4090,1167
2053,22789,0,4090,1167
2081,22817,0,4090,1167
2090,22826,0,4090,1167
2100,22836,0,4090,1167
2120,22856,0,4090,1167
2133,22869,0,4090,1167
2150,22886,0,4090,1167
2164,22900,0,4090,1167
2190,22926,0,4090,1167
2200,22936,0,4090,1167
2212,22948,0,4090,1167
2230,22966,0,4090,1167
2244,22980,0,4090,1167
2270,23006,0,4090,1167
2279,23015,0,4090,1167
2292,23028,0,4090,1167
2309,23045,0,4090,1167
2324,23060,0,4090,1167
2349,23085,0,4090,1167
2359,23095,0,4090,1167
2372,23108,0,4090,1167
2388,23124,0,4090,1167
2410,23146,0,4090,1167
2421,23157,0,4090,1167
2436,23172,0,4090,1167
2460,23196,0,4090,1167
2470,23206,0,4090,1167
2485,23221,0,4090,1167
2500,23236,0,4090,1167
2520,23256,0,4090,1167
2532,23268,0,4090,1167
2550,23286,0,4090,1167
2564,23300,0,4090,1167
2590,23326,0,4090,1167
2600,23336,0,4090,1167
2613,23349,0,4090,1167
2628,23364,0,4090,1167
2650,23386,0,4090,1167
2660,23396,0,4090,1167
2679,23415,0,4090,1167
2692,23428,0,4090,1167
2709,23445,0,4090,1167
2724,23460,0,4090,1167
2749,23485,0,4090,1167
2759,23495,0,4090,1167
2772,23508,0,4090,1167
2790,23526,0,4090,1167
2805,23541,0,4090,1167
2830,23566,0,4090,1167
2840,23576,0,4090,1167
2852,23588,0,4090,1167
2868,23604,0,4090,1167
2890,23626,0,4090,1167
2901,23637,0,4090,1167
2916,23652,0,4090,1167
2940,23676,0,4090,1167
2949,23685,0,4090,1167
2964,23700,0,4090,1167
2990,23726,0,4090,1167
3000,23736,0,4090,1167
3013,23749,0,4090,1167
3028,23764,0,4090,1167
3050,23786,0,4090,1167
3060,23796,0,4090,1167
3080,23816,0,4090,1167
3092,23828,0,4090,1167
3110,23846,0,4090,1167
3124,23860,0,4090,1167
3150,23886,0,4090,1167
3160,23896,0,4090,1167
3172,23908,0,4090,1167
3190,23926,0,4090,1167
3204,23940,0,4090,1166
3230,23966,0,4090,1167
3240,23976,0,4090,1167
3252,23988,0,4090,1167
3270,24006,0,4090,1167
3284,24020,0,4090,1167
3300,24036,0,4090,1167
3320,24056,0,4090,1167
3333,24069,0,4090,1167
3350,24086,0,4090,1167
3364,24100,0,4090,1167
3390,24126,0,4090,1167
3400,24136,0,4090,1167
3412,24148,0,4090,1167
3429,24165,0,4090,1167
3444,24180,0,4090,1167
3470,24206,0,4090,1167
3480,24216,0,4090,1167
3492,24228,0,4090,1167
3510,24246,0,4090,1167
3524,24260,0,4090,1167
3550,24286,0,4090,1167
3560,24296,0,4090,1167
3572,24308,0,4090,1167
3591,24327,0,4090,1167
3604,24340,0,4090,1167
3630,24366,0,4090,1167
3640,24376,0,4090,1167
3652,24388,0,4090,1167
3670,24406,0,4090,1167
3684,24420,0,4090,1167
3709,24445,0,4090,1167
3719,24455,0,4090,1167
3732,24468,0,4090,1167
3750,24486,0,4090,1167
3764,24500,0,4090,1167
3780,24516,0,4090,1167
3800,24536,0,4090,1167
3812,24548,0,4090,1167
3830,24566,0,4090,1167
3844,24580,0,4090,1167
3870,24606,0,4090,1167
3880,24616,0,4090,1167
3892,24628,0,4090,1167
3910,24646,0,4090,1167
3924,24660,0,4090,1167
3949,24685,0,4090,1167
3959,24695,0,4090,1167
3972,24708,0,4090,1167
3990,24726,0,4090,1167
4004,24740,0,4090,1167
4020,24756,0,4090,1167
4040,24776,0,4090,1167
4052,24788,0,4090,1167
4070,24806,0,4090,1167
4084,24820,0,4090,1167
4111,24847,0,4090,1167
4120,24856,0,4090,1167
4132,24868,0,4090,1167
4150,24886,0,4090,1167
4164,24900,0,4090,1167
4190,24926,0,4090,1167
4200,24936,0,4090,1167
4212,24948,0,4090,1167
4230,24966,0,4090,1167
4244,24980,0,4090,1167
4260,24996,0,4090,1167
4276,25012,0,4090,1167
4301,25037,0,4090,1167
4310,25046,0,4090,1167
4324,25060,0,4090,1167
4351,25087,0,4090,1167
4360,25096,0,4090,1167
4372,25108,0,4090,1167
4390,25126,0,4090,1167
4404,25140,0,4090,1167
4430,25166,0,4090,1167
4440,25176,0,4090,1166
4452,25188,0,4090,1167
4470,25206,0,4090,1167
4484,25220,0,4090,1167
4510,25246,0,4090,1167
4520,25256,0,4090,1167
4532,25268,0,4090,1167
4548,25284,0,4090,1167
4569,25305,0,4090,1167
4580,25316,0,4090,1167
4600,25336,0,4090,1167
4612,25348,0,4090,1167
4630,25366,0,4090,1167
4644,25380,0,4090,1167
4670,25406,0,4090,1167
4680,25416,0,4090,1167
4692,25428,0,4090,1167
4709,25445,0,4090,1167
4724,25460,0,4090,1167
4749,25485,0,4090,1167
4760,25496,0,4090,1167
4772,25508,0,4090,1167
4790,25526,0,4090,1167
4804,25540,0,4090,1167
4820,25556,0,4090,1167
4839,25575,0,4090,1167
4852,25588,0,4090,1167
4870,25606,0,4090,1167
4884,25620,0,4090,1167
4910,25646,0,4090,1167
4920,25656,0,4090,1167
4933,25669,0,4090,1167
4948,25684,0,4090,1167
4970,25706,0,4090,1167
4980,25716,0,4090,1167
5000,25736,0,4090,1167
5012,25748,0,4090,1167
5030,25766,0,4090,1167
5045,25781,0,4090,1167
5070,25806,0,4090,1167
5080,25816,0,4090,1167
5092,25828,0,4090,1167
5110,25846,0,4090,1167
5124,25860,0,4090,1167
5150,25886,0,4090,1167
5160,25896,0,4090,1167
5172,25908,0,4090,1167
5188,25924,0,4090,1167
5210,25946,0,4090,1167
5220,25956,0,4090,1167
5240,25976,0,4090,1167
5252,25988,0,4090,1167
5269,26005,0,4090,1167
5285,26021,0,4090,1167
5310,26046,0,4090,1167
5320,26056,0,4090,1167
5332,26068,0,4090,1167
5348,26084,0,4090,1167
5370,26106,0,4090,1167
5381,26117,0,4090,1167
5396,26132,0,4090,1167
5420,26156,0,4090,1167
5430,26166,0,4090,1167
5444,26180,0,4090,1167
5470,26206,0,4090,1167
5480,26216,0,4090,1167
5492,26228,0,4090,1167
5510,26246,0,4090,1167
5524,26260,0,4090,1167
5550,26286,0,4090,1167
5560,26296,0,4090,1167
5573,26309,0,4090,1167
5590,26326,0,4090,1167
5604,26340,0,4090,1167
5630,26366,0,4090,1167
5640,26376,0,4090,1167
5652,26388,0,4090,1167
5670,26406,0,4090,1167
5685,26421,0,4090,1167
5700,26436,0,4090,1167
5720,26456,0,4090,1167
5732,26468,0,4090,1167
5748,26484,0,4090,1167
5770,26506,0,4090,1167
5780,26516,0,4090,1167
5799,26535,0,4090,1167
5812,26548,0,4090,1167
5830,26566,0,4090,1167
5844,26580,0,4090,1167
5870,26606,0,4090,1167
5880,26616,0,4090,1167
5892,26628,0,4090,1167
5908,26644,0,4090,1167
5930,26666,0,4090,1167
5940,26676,0,4090,1167
5959,26695,0,4090,1167
5972,26708,0,4090,1167
5990,26726,0,4090,1167
6004,26740,0,4090,1167
6030,26766,0,4090,1167
6040,26776,0,4090,1167
6052,26788,0,4090,1167
6070,26806,0,4090,1167
6084,26820,0,4090,1167
6110,26846,0,4090,1167
6120,26856,0,4090,1167
6132,26868,0,4090,1167
6150,26886,0,4090,1167
6164,26900,0,4090,1167
6190,26926,0,4090,1167
6201,26937,0,4090,1167
6212,26948,0,4090,1167
6228,26964,0,4090,1167
6270,27006,0,4090,1167
6280,27016,1025,4090,1165
6292,27028,1027,4090,1160
6310,27046,1036,4090,1141
6324,27060,1043,4090,1121
6350,27086,1051,4090,1076
6360,27096,1052,4090,1058
6373,27109,1050,4090,1042
6390,27126,1044,4090,1021
6404,27140,1042,4090,1006
6420,27156,1041,4090,988
6439,27175,1042,4090,966
6452,27188,1043,4090,949
6470,27206,1046,4090,923
6485,27221,1046,4090,904
6510,27246,1044,4090,874
6520,27256,1043,4090,863
6532,27268,1043,4090,848
6550,27286,1043,4090,826
6564,27300,1044,4090,808
6590,27326,1045,4090,774
6600,27336,1044,4090,762
6612,27348,1044,4090,748
6630,27366,1043,4090,725
6644,27380,1044,4090,708
6670,27406,1044,4090,674
6680,27416,1044,4090,661
6692,27428,1045,4090,644
6710,27446,1045,4090,621
6724,27460,1043,4090,605
6750,27486,1043,4090,574
6760,27496,1044,4090,561
6772,27508,1044,4090,546
6788,27524,1044,4090,526
6810,27546,1045,4090,497
6820,27556,1046,4090,483
6840,27576,1044,4090,460
6852,27588,1042,4090,446
6870,27606,1043,4090,424
6885,27621,1043,4090,406
6900,27636,1044,4090,386
6920,27656,1045,4090,359
6932,27668,1045,4090,343
6950,27686,1044,4090,321
6964,27700,1043,4090,306
6990,27726,1043,4090,275
7000,27736,1043,4090,263
7013,27749,1044,4090,246
7030,27766,1046,4090,223
7044,27780,1046,4090,204
7070,27806,1043,4090,173
7080,27816,1043,4090,161
7092,27828,1042,4090,148
7108,27844,1043,4090,128
7130,27866,1044,4090,100
7140,27876,1044,4090,89
7159,27895,1045,4090,64
7172,27908,1046,4090,46
7189,27925,1043,4090,27
7204,27940,1043,4090,8
7220,27956,1042,4090,4086
7240,27976,1043,4090,4059
7252,27988,1044,4090,4043
7270,28006,1044,4090,4020
7284,28020,1044,4090,4002
7300,28036,1043,4090,3984
7320,28056,1043,4090,3961
7332,28068,1044,4090,3945
7348,28084,1044,4090,3925
7370,28106,1044,4090,3897
7380,28116,1045,4090,3883
7400,28136,1043,4090,3860
7413,28149,1042,4090,3846
7430,28166,1043,4090,3825
7444,28180,1044,4090,3807
7470,28206,1044,4090,3774
7480,28216,1045,4090,3760
7492,28228,1045,4090,3744
7510,28246,1044,4090,3724
7524,28260,1043,4090,3706
7550,28286,1043,4090,3675
7559,28295,1043,4090,3663
7572,28308,1043,4090,3647
7590,28326,1044,4090,3624
7604,28340,1044,4090,3607
7620,28356,1045,4090,3586
7636,28372,1043,4090,3569
7660,28396,1043,4090,3539
7671,28407,1043,4090,3526
7684,28420,1043,4090,3510
7710,28446,1044,4090,3477
7720,28456,1044,4090,3463
7732,28468,1045,4090,3447
7748,28484,1044,4090,3428
7770,28506,1042,4090,3403
7780,28516,1043,4090,3390
7800,28536,1043,4090,3366
7812,28548,1043,4090,3351
7830,28566,1044,4090,3328
7844,28580,1045,4090,3309
7861,28597,1044,4090,3289
7876,28612,1042,4090,3272
7892,28628,1042,4090,3253
7910,28646,1043,4090,3230
7924,28660,1044,4090,3212
7950,28686,1046,4090,3174
7960,28696,1045,4090,3162
7972,28708,1044,4090,3148
7990,28726,1043,4090,3125
8004,28740,1043,4090,3109
8030,28766,1043,4090,3077
8040,28776,1044,4090,3064
8052,28788,1044,4090,3049
8068,28804,1046,4090,3026
8090,28826,1045,4090,2997
8100,28836,1043,4090,2986
8120,28856,1042,4090,2964
8132,28868,1042,4090,2949
8150,28886,1044,4090,2925
8164,28900,1045,4090,2906
8190,28926,1045,4090,2871
8200,28936,1045,4090,2858
8213,28949,1042,4090,2845
8228,28964,1042,4090,2826
8250,28986,1043,4090,2798
8260,28996,1044,4090,2785
8280,29016,1044,4090,2758
8292,29028,1045,4090,2742
8310,29046,1044,4090,2720
8325,29061,1042,4090,2704
8340,29076,1043,4090,2685
8360,29096,1044,4090,2660
8372,29108,1044,4090,2644
8390,29126,1044,4090,2622
8404,29140,1045,4090,2602
8430,29166,1043,4090,2573
8440,29176,1042,4090,2561
8453,29189,1042,4090,2545
8470,29206,1044,4090,2522
8485,29221,1045,4090,2503
8500,29236,1044,4090,2484
8520,29256,1045,4090,2456
8533,29269,1044,4090,2442
8548,29284,1043,4090,2423
8570,29306,1043,4090,2396
8580,29316,1044,4090,2383
8596,29332,1044,4090,2362
8620,29356,1045,4090,2331
8629,29365,1044,4090,2320
8644,29380,1044,4090,2301
8660,29396,1043,4090,2282
8680,29416,1044,4090,2257
8692,29428,1044,4090,2242
8710,29446,1044,4090,2219
8724,29460,1044,4090,2202
8750,29486,1045,4090,2167
8760,29496,1044,4090,2155
8772,29508,1043,4090,2141
8790,29526,1043,4090,2119
8804,29540,1044,4090,2101
8830,29566,1044,4090,2069
8840,29576,1044,4090,2056
8852,29588,1045,4090,2039
8870,29606,1044,4090,2018
8884,29620,1043,4090,2001
8910,29646,1044,4090,1969
8919,29655,1043,4090,1959
8932,29668,1043,4090,1943
8950,29686,1044,4090,1920
8964,29700,1044,4090,1902
8980,29716,1045,4090,1881
9000,29736,1043,4090,1860
9012,29748,1042,4090,1845
9030,29766,1043,4090,1823
9044,29780,1043,4090,1806
9060,29796,1044,4090,1785
9080,29816,1045,4090,1758
9092,29828,1045,4090,1743
9110,29846,1043,4090,1722
9124,29860,1043,4090,1704
9150,29886,1043,4090,1673
9160,29896,1043,4090,1660
9172,29908,1044,4090,1645
9190,29926,1045,4090,1621
9204,29940,1045,4090,1603
9230,29966,1043,4090,1572
9240,29976,1042,4090,1561
9253,29989,1042,4090,1546
9270,30006,1044,4090,1524
9284,30020,1044,4090,1506
9300,30036,1046,4090,1483
9320,30056,1045,4090,1459
9332,30068,1044,4090,1444
9350,30086,1042,4090,1424
9364,30100,1042,4090,1408
9380,30116,1043,4090,1386
9396,30132,1044,4090,1365
9420,30156,1045,4090,1335
9430,30166,1045,4090,1321
9444,30180,1043,4090,1305
9470,30206,1043,4090,1274
9480,30216,1044,4090,1261
9492,30228,1044,4090,1246
9510,30246,1044,4090,1223
9524,30260,1045,4090,1204
9550,30286,1043,4090,1173
9560,30296,1042,4090,1162
9572,30308,1042,4090,1148
9590,30326,1043,4090,1126
9604,30340,1044,4090,1107
9630,30366,1046,4090,1071
9640,30376,1046,4090,1058
9652,30388,1045,4090,1044
9670,30406,1043,4090,1022
9684,30420,1043,4090,1006
9710,30446,1044,4090,974
9720,30456,1044,4090,959
9732,30468,1045,4090,943
9750,30486,1045,4090,919
9764,30500,1044,4090,902
9790,30526,1043,4090,871
9800,30536,1043,4090,859
9812,30548,1043,4090,844
9830,30566,1043,4090,822
9844,30580,1044,4090,804
9870,30606,1044,4090,770
9880,30616,1045,4090,758
9892,30628,1043,4090,744
9910,30646,1043,4090,722
9924,30660,1043,4090,705
9940,30676,1043,4090,684
9960,30696,1044,4090,658
9972,30708,1046,4090,640
9990,30726,1045,4090,618
10004,30740,1043,4090,602
10030,30766,1043,4090,571
10040,30776,1043,4090,559
10052,30788,1043,4090,544
10070,30806,1044,4090,520
10084,30820,1046,4090,501
10110,30846,1044,4090,469
10120,30856,1043,4090,458
10133,30869,1042,4090,442
10148,30884,1043,4090,425
10170,30906,1043,4090,398
10180,30916,1044,4090,384
10196,30932,1045,4090,362
10220,30956,1045,4090,331
10230,30966,1044,4090,320
10244,30980,1043,4090,303
10270,31006,1043,4090,273
10281,31017,1043,4090,258
10292,31028,1045,4090,243
10310,31046,1045,4090,220
10324,31060,1045,4090,201
10350,31086,1043,4090,170
10359,31095,1042,4090,161
10372,31108,1042,4090,145
10389,31125,1043,4090,124
10404,31140,1044,4090,104
10420,31156,1045,4090,84
10436,31172,1046,4090,62
10460,31196,1043,4090,34
10470,31206,1042,4090,23
10485,31221,1042,4090,4
10500,31236,1043,4090,4083
10520,31256,1043,4090,4056
10532,31268,1044,4090,4039
10550,31286,1044,4090,4016
10564,31300,1043,4090,4000
10590,31326,1043,4090,3969
10600,31336,1043,4090,3958
10612,31348,1044,4090,3942
10630,31366,1045,4090,3918
10644,31380,1045,4090,3900
10660,31396,1045,4090,3879
10680,31416,1043,4090,3856
10692,31428,1042,4090,3842
10710,31446,1043,4090,3821
10724,31460,1044,4090,3803
10740,31476,1044,4090,3783
10760,31496,1045,4090,3756
10772,31508,1045,4090,3741
10790,31526,1044,4090,3718
10804,31540,1043,4090,3702
10830,31566,1043,4090,3671
10840,31576,1044,4090,3659
10852,31588,1044,4090,3643
10870,31606,1044,4090,3621
10885,31621,1044,4090,3604
10910,31646,1044,4090,3572
10920,31656,1043,4090,3560
10932,31668,1043,4090,3546
10950,31686,1043,4090,3524
10964,31700,1044,4090,3506
10990,31726,1043,4090,3474
11000,31736,1045,4090,3459
11012,31748,1045,4090,3444
11028,31764,1043,4090,3425
11050,31786,1043,4090,3399
11061,31797,1043,4090,3385
11076,31812,1043,4090,3368
11100,31836,1044,4090,3337
11110,31846,1045,4090,3323
11124,31860,1045,4090,3305
11140,31876,1044,4090,3286
11160,31896,1043,4090,3262
11172,31908,1043,4090,3248
11190,31926,1043,4090,3226
11204,31940,1044,4090,3207
11220,31956,1046,4090,3183
11239,31975,1045,4090,3159
11252,31988,1043,4090,3145
11270,32006,1042,4090,3123
11285,32021,1042,4090,3106
11300,32036,1043,4090,3087
11320,32056,1044,4090,3061
11332,32068,1045,4090,3045
11351,32087,1045,4090,3020
11364,32100,1045,4090,3002
11380,32116,1043,4090,2983
11400,32136,1042,4090,2960
11412,32148,1043,4090,2944
11430,32166,1044,4090,2920
11444,32180,1044,4090,2902
11460,32196,1045,4090,2880
11480,32216,1044,4090,2856
11510,32246,1043,4090,2819
11524,32260,1049,4090,2792
11550,32286,1065,4090,2721
11560,32296,1069,4090,2692
11573,32309,1070,4090,2655
11588,32324,1070,4090,2612
11610,32346,1065,4090,2556
11620,32356,1063,4090,2532
11636,32372,1061,4090,2495
11660,32396,1062,4090,2437
11670,32406,1063,4090,2412
11684,32420,1062,4090,2377
11710,32446,1065,4090,2309
11720,32456,1066,4090,2283
11733,32469,1066,4090,2250
11748,32484,1064,4090,2213
11763,32499,1064,4090,2174
11790,32526,1063,4090,2108
11800,32536,1063,4090,2083
11812,32548,1063,4090,2053
11830,32566,1065,4090,2006
11844,32580,1064,4090,1972
11860,32596,1062,4090,1934
11880,32616,1062,4090,1885
11892,32628,1063,4090,1856
11910,32646,1062,4090,1813
11924,32660,1063,4090,1778
11950,32686,1065,4090,1710
11960,32696,1064,4090,1686
11972,32708,1063,4090,1657
11990,32726,1064,4090,1611
12004,32740,1064,4090,1577
12030,32766,1063,4090,1513
12039,8,1064,4090,1487
12052,21,1066,4090,1453
12069,38,1065,4090,1411
12083,52,1063,4090,1376
12100,69,1063,4090,1334
12115,84,1063,4090,1298
12139,108,1063,4090,1239
12149,118,1063,4090,1214
12163,132,1065,4090,1177
12179,148,1064,4090,1139
12199,168,1063,4090,1089
12211,180,1065,4090,1056
12229,198,1065,4090,1012
12243,212,1063,4090,976
12259,228,1064,4090,935
12275,244,1065,4090,894
12299,268,1063,4090,835
12309,278,1063,4090,811
12323,292,1063,4090,776
12349,318,1064,4090,712
12359,328,1063,4090,686
12371,340,1064,4090,656
12387,356,1065,4090,613
12409,378,1063,4090,560
12419,388,1062,4090,536
12439,408,1064,4090,484
12451,420,1065,4090,455
12468,437,1063,4090,412
12483,452,1064,4090,375
12499,468,1066,4090,331
12515,484,1065,4090,293
12539,508,1062,4090,236
12549,518,1063,4090,211
12563,532,1064,4090,176
12579,548,1063,4090,137
12599,568,1064,4090,88
12611,580,1065,4090,56
12629,598,1065,4090,11
12643,612,1063,4090,4073
12659,628,1063,4090,4031
12679,648,1064,4090,3981
12691,660,1064,4090,3952
12709,678,1064,4090,3908
12723,692,1064,4090,3872
12739,708,1063,4090,3834
12759,728,1063,4090,3785
12771,740,1063,4090,3755
12789,758,1064,4090,3709
12803,772,1064,4090,3675
12829,798,1063,4090,3612
12839,808,1064,4090,3585
12851,820,1064,4090,3557
12869,838,1063,4090,3512
12883,852,1063,4090,3479
12909,878,1064,4090,3412
12919,888,1065,4090,3387
12931,900,1064,4090,3357
12949,918,1064,4090,3311
12963,932,1064,4090,3276
12989,958,1062,4090,3215
12999,968,1062,4090,3190
13012,981,1064,4090,3155
13027,996,1064,4090,3118
13050,1019,1063,4090,3061
13059,1028,1065,4090,3035
13079,1048,1065,4090,2984
13091,1060,1063,4090,2955
13110,1079,1062,4090,2910
13123,1092,1064,4090,2874
13139,1108,1064,4090,2834
13159,1128,1064,4090,2782
13171,1140,1065,4090,2750
13187,1156,1064,4090,2710
13209,1178,1062,4090,2658
13219,1188,1062,4090,2634
13239,1208,1064,4090,2583
13251,1220,1064,4090,2553
13269,1238,1063,4090,2509
13283,1252,1063,4090,2474
13309,1278,1065,4090,2405
13319,1288,1063,4090,2381
13332,1301,1064,4090,2348
13347,1316,1065,4090,2310
13369,1338,1064,4090,2254
13379,1348,1063,4090,2229
13400,1369,1064,4090,2176
13411,1380,1064,4090,2148
13429,1398,1063,4090,2106
13444,1413,1063,4090,2067
13469,1438,1064,4090,2003
13479,1448,1064,4090,1979
13491,1460,1063,4090,1950
13509,1478,1063,4090,1906
13523,1492,1063,4090,1871
13549,1518,1063,4090,1808
13559,1528,1063,4090,1784
13571,1540,1064,4090,1752
13589,1558,1065,4090,1707
13603,1572,1063,4090,1673
13619,1588,1064,4090,1632
13635,1604,1065,4090,1590
13659,1628,1063,4090,1533
13669,1638,1062,4090,1509
13683,1652,1064,4090,1473
13700,1669,1064,4090,1432
13715,1684,1064,4090,1393
13739,1708,1064,4090,1332
13749,1718,1065,4090,1307
13763,1732,1063,4090,1274
13789,1758,1063,4090,1210
13800,1769,1065,4090,1180
13811,1780,1064,4090,1154
13827,1796,1062,4090,1115
13850,1819,1064,4090,1058
13859,1828,1065,4090,1033
13875,1844,1064,4090,994
13899,1868,1064,4090,932
13909,1878,1065,4090,904
13924,1893,1065,4090,868
13939,1908,1063,4090,831
13959,1928,1063,4090,782
13971,1940,1063,4090,752
13989,1958,1064,4090,708
14003,1972,1063,4090,673
14019,1988,1064,4090,631
14035,2004,1065,4090,590
14059,2028,1063,4090,531
14069,2038,1064,4090,506
14083,2052,1065,4090,469
14099,2068,1064,4090,431
14119,2088,1062,4090,382
14131,2100,1065,4090,349
14149,2118,1065,4090,306
14162,2131,1062,4090,275
14189,2158,1066,4090,204
14199,2168,1065,4090,180
14211,2180,1065,4090,151
14228,2197,1062,4090,110
14243,2212,1063,4090,74
14269,2238,1065,4090,9
14279,2248,1064,4090,4080
14291,2260,1064,4090,4048
14310,2279,1065,4090,4001
14323,2292,1064,4090,3968
14339,2308,1063,4090,3929
14355,2324,1063,4090,3889
14379,2348,1064,4090,3830
14389,2358,1063,4090,3806
14403,2372,1063,4090,3771
14419,2388,1063,4090,3731
14439,2408,1063,4090,3682
14452,2421,1063,4090,3651
14469,2438,1064,4090,3607
14483,2452,1065,4090,3571
14509,2478,1063,4090,3508
14519,2488,1062,4090,3484
14531,2500,1063,4090,3453
14547,2516,1064,4090,3413
14569,2538,1062,4090,3360
14579,2548,1063,4090,3335
14595,2564,1064,4090,3294
14619,2588,1063,4090,3236
14629,2598,1063,4090,3211
14643,2612,1065,4090,3172
14659,2628,1065,4090,3132
14675,2644,1063,4090,3093
14699,2668,1064,4090,3031
14710,2679,1065,4090,3005
14723,2692,1065,4090,2971
14739,2708,1063,4090,2931
14755,2724,1065,4090,2888
14779,2748,1064,4090,2830
14789,2758,1063,4090,2804
14803,2772,1063,4090,2770
14819,2788,1064,4090,2727
14835,2804,1063,4090,2689
14859,2828,1063,4090,2630
14869,2838,1064,4090,2603
14883,2852,1064,4090,2569
14899,2868,1063,4090,2529
14915,2884,1063,4090,2490
14939,2908,1065,4090,2425
14950,2919,1065,4090,2398
14963,2932,1063,4090,2366
14979,2948,1064,4090,2325
14999,2968,1064,4090,2276
15011,2980,1063,4090,2246
15029,2998,1063,4090,2202
15043,3012,1065,4090,2163
15060,3029,1065,4090,2121
15075,3044,1063,4090,2085
15100,3069,1063,4090,2022
15109,3078,1064,4090,2000
15123,3092,1063,4090,1966
15139,3108,1062,4090,1928
15155,3124,1064,4090,1886
15179,3148,1064,4090,1828
15189,3158,1063,4090,1803
15203,3172,1064,4090,1767
15219,3188,1064,4090,1727
15235,3204,1063,4090,1689
15259,3228,1063,4090,1630
15269,3238,1065,4090,1603
15283,3252,1064,4090,1569
15299,3268,1063,4090,1530
15319,3288,1065,4090,1477
15331,3300,1065,4090,1448
15350,3319,1063,4090,1401
15363,3332,1063,4090,1369
15380,3349,1064,4090,1329
15395,3364,1063,4090,1291
15419,3388,1063,4090,1231
15429,3398,1064,4090,1204
15443,3412,1065,4090,1168
15469,3438,1063,4090,1106
15479,3448,1063,4090,1081
15491,3460,1065,4090,1049
15507,3476,1065,4090,1009
15529,3498,1064,4090,953
15539,3508,1064,4090,928
15559,3528,1064,4090,878
15571,3540,1064,4090,848
15589,3558,1064,4090,803
15603,3572,1065,4090,766
15619,3588,1065,4090,726
15635,3604,1063,4090,687
15659,3628,1064,4090,626
15669,3638,1064,4090,601
15683,3652,1064,4090,567
15699,3668,1063,4090,528
15715,3684,1064,4090,487
15739,3708,1065,4090,426
15749,3718,1064,4090,402
15763,3732,1063,4090,367
15789,3758,1064,4090,302
15799,3768,1063,4090,278
15811,3780,1063,4090,248
15829,3798,1065,4090,201
15843,3812,1065,4090,167
15869,3838,1063,4090,102
15879,3848,1064,4090,78
15892,3861,1064,4090,46
15907,3876,1064,4090,9
15939,3908,1063,4090,4023
15959,3928,1070,4090,3962
15971,3940,1077,4090,3917
15989,3958,1088,4090,3841
16003,3972,1091,4090,3784
16020,3989,1091,4090,3712
16035,4004,1088,4090,3655
16059,4028,1081,4090,3572
16069,4038,1080,4090,3538
16083,4052,1079,4090,3489
16100,4069,1082,4090,3424
16115,4084,1084,4090,3368
16140,4109,1085,4090,3272
16149,4118,1085,4090,3239
16163,4132,1083,4090,3190
16179,4148,1085,4090,3123
16195,4164,1084,4090,3065
16220,4189,1084,4090,2974
16229,4198,1083,4090,2937
16243,4212,1084,4090,2882
16259,4228,1084,4090,2823
16280,4249,1085,4090,2743
16291,4260,1085,4090,2703
16309,4278,1084,4090,2632
16323,4292,1083,4090,2580
16339,4308,1083,4090,2521
16355,4324,1083,4090,2460
16380,4349,1085,4090,2366
16390,4359,1084,4090,2328
16403,4372,1085,4090,2277
16429,4398,1084,4090,2179
16439,4408,1084,4090,2142
16451,4420,1084,4090,2097
16469,4438,1085,4090,2026
16484,4453,1084,4090,1972
16499,4468,1082,4090,1918
16520,4489,1082,4090,1846
16531,4500,1082,4090,1802
16550,4519,1083,4090,1730
16562,4531,1084,4090,1686
16580,4549,1085,4090,1615
16600,4569,1084,4090,1542
16611,4580,1083,4090,1502
16630,4599,1085,4090,1433
16643,4612,1084,4090,1381
16659,4628,1084,4090,1319
16680,4649,1082,4090,1245
16691,4660,1082,4090,1203
16710,4679,1083,4090,1134
16723,4692,1083,4090,1085
16749,4718,1085,4090,983
16759,4728,1085,4090,946
16771,4740,1086,4090,897
16789,4758,1085,4090,831
16803,4772,1083,4090,780
16830,4799,1082,4090,680
16840,4809,1083,4090,641
16851,4820,1084,4090,599
16869,4838,1084,4090,533
16883,4852,1084,4090,480
16909,4878,1084,4090,382
16919,4888,1085,4090,341
16931,4900,1085,4090,297
16949,4918,1083,4090,231
16963,4932,1084,4090,178
16980,4949,1083,4090,117
16999,4968,1084,4090,47
17011,4980,1084,4090,3
17029,4998,1082,4090,4030
17043,5012,1084,4090,3976
17069,5038,1085,4090,3877
17079,5048,1084,4090,3840
17092,5061,1083,4090,3797
17110,5079,1083,4090,3727
17123,5092,1083,4090,3679
17140,5109,1082,4090,3618
17155,5124,1084,4090,3561
17179,5148,1082,4090,3474
17189,5158,1084,4090,3433
17203,5172,1085,4090,3381
17219,5188,1084,4090,3320
17235,5204,1084,4090,3260
17260,5229,1082,4090,3167
17269,5238,1082,4090,3134
17283,5252,1083,4090,3083
17300,5269,1084,4090,3017
17315,5284,1084,4090,2961
17339,5308,1085,4090,2868
17349,5318,1085,4090,2830
17363,5332,1085,4090,2775
17379,5348,1085,4090,2713
17399,5368,1083,4090,2641
17411,5380,1083,4090,2599
17429,5398,1083,4090,2530
17443,5412,1081,4090,2479
17469,5438,1085,4090,2379
17479,5448,1083,4090,2342
17491,5460,1086,4090,2292
17510,5479,1086,4090,2221
17522,5491,1086,4090,2172
17539,5508,1084,4090,2111
17555,5524,1081,4090,2054
17579,5548,1083,4090,1965
17589,5558,1082,4090,1929
17603,5572,1084,4090,1874
17619,5588,1084,4090,1816
17635,5604,1084,4090,1755
17660,5629,1084,4090,1664
17669,5638,1083,4090,1628
17683,5652,1084,4090,1576
17700,5669,1084,4090,1514
17715,5684,1084,4090,1458
17739,5708,1084,4090,1368
17750,5719,1084,4090,1325
17763,5732,1083,4090,1279
17779,5748,1082,4090,1220
17796,5765,1084,4090,1154
17819,5788,1083,4090,1069
17829,5798,1084,4090,1030
17843,5812,1084,4090,978
17859,5828,1085,4090,915
17875,5844,1085,4090,857
17899,5868,1084,4090,765
17909,5878,1084,4090,729
17923,5892,1084,4090,676
17950,5919,1084,4090,573
17959,5928,1084,4090,540
17971,5940,1084,4090,495
17989,5958,1084,4090,428
18003,5972,1083,4090,376
18019,5988,1084,4090,315
18035,6004,1084,4090,256
18059,6028,1084,4090,166
18069,6038,1084,4090,128
18083,6052,1084,4090,76
18099,6068,1084,4090,16
18116,6085,1084,4090,4052
18139,6108,1083,4090,3963
18149,6118,1083,4090,3927
18162,6131,1084,4090,3875
18179,6148,1084,4090,3814
18195,6164,1082,4090,3755
18219,6188,1084,4090,3665
18229,6198,1083,4090,3629
18243,6212,1084,4090,3576
18259,6228,1084,4090,3518
18275,6244,1084,4090,3456
18299,6268,1084,4090,3368
18309,6278,1081,4090,3332
18323,6292,1082,4090,3279
18349,6318,1081,4090,3183
18359,6328,1084,4090,3143
18372,6341,1085,4090,3098
18387,6356,1083,4090,3037
18409,6378,1085,4090,2953
18419,6388,1084,4090,2914
18435,6404,1084,4090,2853
18460,6429,1083,4090,2758
18469,6438,1084,4090,2724
18483,6452,1084,4090,2672
18499,6468,1083,4090,2612
18515,6484,1083,4090,2553
18539,6508,1084,4090,2461
18549,6518,1085,4090,2422
18563,6532,1085,4090,2370
18580,6549,1084,4090,2305
18595,6564,1083,4090,2251
18620,6589,1085,4090,2158
18629,6598,1084,4090,2122
18643,6612,1084,4090,2070
18659,6628,1084,4090,2008
18675,6644,1084,4090,1950
18699,6668,1083,4090,1860
18709,6678,1083,4090,1824
18723,6692,1082,4090,1773
18739,6708,1083,4090,1713
18755,6724,1083,4090,1654
18779,6748,1084,4090,1563
18790,6759,1084,4090,1523
18803,6772,1085,4090,1472
18819,6788,1085,4090,1414
18840,6809,1085,4090,1331
18851,6820,1084,4090,1292
18869,6838,1082,4090,1227
18883,6852,1083,4090,1174
18899,6868,1082,4090,1117
18920,6889,1083,4090,1036
18931,6900,1085,4090,995
18949,6918,1084,4090,925
18962,6931,1085,4090,876
18979,6948,1085,4090,813
18995,6964,1085,4090,750
19019,6988,1084,4090,661
19030,6999,1084,4090,621
19043,7012,1084,4090,571
19060,7029,1081,4090,510
19075,7044,1083,4090,453
19099,7068,1083,4090,363
19109,7078,1085,4090,322
19123,7092,1085,4090,271
19140,7109,1086,4090,209
19155,7124,1085,4090,149
19179,7148,1083,4090,62
19189,7158,1083,4090,26
19203,7172,1083,4090,4070
19220,7189,1083,4090,4005
19235,7204,1083,4090,3954
19260,7229,1085,4090,3854
19270,7239,1084,4090,3819
19282,7251,1084,4090,3775
19299,7268,1085,4090,3708
19319,7288,1084,4090,3636
19331,7300,1082,4090,3592
19349,7318,1082,4090,3528
19363,7332,1082,4090,3477
19380,7349,1085,4090,3409
19395,7364,1085,4090,3354
19419,7388,1084,4090,3263
19429,7398,1084,4090,3227
19443,7412,1083,4090,3172
19459,7428,1083,4090,3113
19479,7448,1081,4090,3040
19492,7461,1084,4090,2992
19509,7478,1084,4090,2925
19523,7492,1084,4090,2870
19539,7508,1084,4090,2810
19555,7524,1085,4090,2746
19579,7548,1085,4090,2657
19589,7558,1083,4090,2620
19603,7572,1083,4090,2567
19619,7588,1083,4090,2512
19639,7608,1083,4090,2434
19651,7620,1083,4090,2389
19669,7638,1085,4090,2319
19683,7652,1086,4090,2265
19700,7669,1084,4090,2202
19715,7684,1084,4090,2144
19739,7708,1083,4090,2055
19749,7718,1085,4090,2015
19763,7732,1084,4090,1968
19780,7749,1082,4090,1902
19795,7764,1083,4090,1848
19819,7788,1083,4090,1760
19829,7798,1083,4090,1722
19843,7812,1084,4090,1670
19869,7838,1085,4090,1571
19880,7849,1085,4090,1530
19891,7860,1084,4090,1488
19910,7879,1085,4090,1420
19923,7892,1083,4090,1369
19949,7918,1082,4090,1273
19959,7928,1082,4090,1237
19971,7940,1083,4090,1189
19989,7958,1084,4090,1124
20003,7972,1081,4090,1074
20029,7998,1085,4090,972
20039,8008,1084,4090,934
20052,8021,1086,4090,882
20067,8036,1085,4090,827
20089,8058,1083,4090,745
20099,8068,1082,4090,710
20120,8089,1084,4090,628
20131,8100,1084,4090,591
20150,8119,1083,4090,518
20162,8131,1084,4090,471
20189,8158,1083,4090,369
20199,8168,1084,4090,330
20211,8180,1084,4090,287
20229,8198,1082,4090,221
20243,8212,1084,4090,168
20260,8229,1084,4090,104
20275,8244,1084,4090,50
20300,8269,1084,4090,4052
20310,8279,1084,4090,4013
20323,8292,1085,4090,3964
20339,8308,1085,4090,3904
20355,8324,1084,4090,3843
20380,8349,1081,4090,3754
20409,8378,1084,4090,3644
20419,8388,1086,4090,3601
20435,8404,1096,4090,3530
20459,8428,1109,4090,3393
20469,8438,1112,4090,3339
20484,8453,1110,4090,3258
20499,8468,1108,4090,3180
20520,8489,1102,4090,3079
20531,8500,1100,4090,3026
20546,8515,1099,4090,2955
20570,8539,1103,4090,2839
20580,8549,1105,4090,2780
20595,8564,1106,4090,2701
20620,8589,1105,4090,2575
20629,8598,1103,4090,2531
20643,8612,1103,4090,2466
20660,8629,1102,4090,2382
20675,8644,1104,4090,2300
20700,8669,1107,4090,2172
20709,8678,1106,4090,2127
20723,8692,1104,4090,2060
20739,8708,1103,4090,1980
20755,8724,1103,4090,1902
20780,8749,1102,4090,1780
20790,8759,1103,4090,1732
20803,8772,1104,4090,1664
20829,8798,1103,4090,1535
20839,8808,1103,4090,1485
20851,8820,1104,4090,1425
20869,8838,1105,4090,1333
20883,8852,1104,4090,1269
20899,8868,1105,4090,1182
20914,8883,1103,4090,1111
20940,8909,1104,4090,979
20950,8919,1104,4090,930
20963,8932,1104,4090,864
20989,8958,1103,4090,733
20999,8968,1104,4090,683
21010,8979,1106,4090,624
21029,8998,1105,4090,531
21043,9012,1105,4090,459
21059,9028,1104,4090,381
21075,9044,1103,4090,302
21100,9069,1102,4090,177
21109,9078,1103,4090,134
21123,9092,1104,4090,64
21150,9119,1104,4090,4023
21159,9128,1102,4090,3978
21171,9140,1103,4090,3919
21189,9158,1103,4090,3830
21203,9172,1103,4090,3762
21220,9189,1103,4090,3681
21235,9204,1104,4090,3603
21260,9229,1103,4090,3484
21270,9239,1104,4090,3430
21283,9252,1104,4090,3364
21300,9269,1101,4090,3280
21315,9284,1102,4090,3207
21340,9309,1103,4090,3085
21350,9319,1105,4090,3028
21362,9331,1105,4090,2966
21379,9348,1105,4090,2881
21400,9369,1104,4090,2775
21411,9380,1104,4090,2718
21429,9398,1104,4090,2629
21443,9412,1103,4090,2558
21459,9428,1104,4090,2479
21475,9444,1104,4090,2397
21499,9468,1105,4090,2274
21509,9478,1104,4090,2227
21523,9492,1104,4090,2153
21539,9508,1104,4090,2076
21555,9524,1103,4090,1995
21580,9549,1102,4090,1872
21589,9558,1103,4090,1828
21603,9572,1104,4090,1757
21619,9588,1103,4090,1679
21635,9604,1103,4090,1603
21659,9628,1103,4090,1483
21669,9638,1103,4090,1433
21683,9652,1104,4090,1361
21699,9668,1105,4090,1279
21715,9684,1105,4090,1198
21739,9708,1102,4090,1083
21749,9718,1101,4090,1032
21763,9732,1102,4090,963
21778,9747,1104,4090,885
21799,9768,1106,4090,779
21811,9780,1105,4090,718
21829,9798,1106,4090,624
21843,9812,1103,4090,558
21869,9838,1103,4090,429
21879,9848,1103,4090,380
21891,9860,1103,4090,319
21910,9879,1105,4090,224
21923,9892,1105,4090,157
21940,9909,1105,4090,74
21955,9924,1103,4090,1
21979,9948,1102,4090,3976
21989,9958,1103,4090,3928
22003,9972,1104,4090,3856
22029,9998,1107,4090,3723
22039,10008,1105,4090,3674
22063,10032,1102,4090,3559
22069,10038,1102,4090,3530
22083,10052,1103,4090,3467
22099,10068,1103,4090,3381
22115,10084,1104,4090,3299
22139,10108,1104,4090,3180
22149,10118,1103,4090,3128
22163,10132,1104,4090,3060
22179,10148,1103,4090,2979
22195,10164,1103,4090,2900
22219,10188,1104,4090,2776
22229,10198,1105,4090,2725
22243,10212,1104,4090,2655
22259,10228,1105,4090,2573
22279,10248,1104,4090,2474
22291,10260,1103,4090,2413
22307,10276,1103,4090,2340
22330,10299,1104,4090,2219
22340,10309,1107,4090,2164
22355,10324,1105,4090,2091
22380,10349,1104,4090,1966
22390,10359,1103,4090,1917
22402,10371,1101,4090,1858
22420,10389,1101,4090,1772
22435,10404,1102,4090,1697
22460,10429,1104,4090,1571
22470,10439,1105,4090,1527
22484,10453,1105,4090,1451
22509,10478,1105,4090,1325
22519,10488,1102,4090,1277
22531,10500,1102,4090,1223
22549,10518,1103,4090,1128
22562,10531,1103,4090,1064
22579,10548,1104,4090,977
22594,10563,1107,4090,896
22619,10588,1106,4090,774
22629,10598,1104,4090,724
22643,10612,1103,4090,660
22659,10628,1103,4090,575
22674,10643,1104,4090,501
22699,10668,1106,4090,373
22709,10678,1104,4090,322
22723,10692,1105,4090,258
22740,10709,1105,4090,167
22755,10724,1103,4090,96
22779,10748,1102,4090,4074
22789,10758,1103,4090,4022
22803,10772,1102,4090,3953
22820,10789,1106,4090,3870
22835,10804,1105,4090,3791
22859,10828,1104,4090,3671
22869,10838,1103,4090,3624
22883,10852,1101,4090,3557
22900,10869,1102,4090,3474
22915,10884,1105,4090,3395
22939,10908,1103,4090,3275
22949,10918,1103,4090,3227
22962,10931,1104,4090,3158
22979,10948,1103,4090,3076
22995,10964,1102,4090,2996
23019,10988,1105,4090,2873
23029,10998,1105,4090,2822
23043,11012,1106,4090,2750
23059,11028,1105,4090,2669
23074,11043,1104,4090,2595
23100,11069,1103,4090,2467
23109,11078,1103,4090,2420
23123,11092,1104,4090,2351
23140,11109,1105,4090,2262
23155,11124,1106,4090,2186
23179,11148,1103,4090,2068
23189,11158,1103,4090,2016
23203,11172,1103,4090,1949
23219,11188,1101,4090,1870
23235,11204,1102,4090,1794
23259,11228,1105,4090,1671
23269,11238,1105,4090,1621
23283,11252,1103,4090,1551
23300,11269,1104,4090,1468
23315,11284,1103,4090,1393
23330,11299,1104,4090,1317
23349,11318,1103,4090,1224
23362,11331,1103,4090,1158
23380,11349,1103,4090,1070
23395,11364,1104,4090,993
23420,11389,1104,4090,867
23430,11399,1105,4090,817
23443,11412,1103,4090,752
23459,11428,1104,4090,671
23479,11448,1105,4090,568
23491,11460,1104,4090,511
23510,11479,1104,4090,415
23523,11492,1104,4090,350
23539,11508,1104,4090,271
23559,11528,1104,4090,170
23571,11540,1105,4090,110
23587,11556,1104,4090,31
23603,11572,1103,4090,4048
23619,11588,1103,4090,3967
23639,11608,1104,4090,3867
23652,11621,1103,4090,3805
23666,11635,1104,4090,3735
23689,11658,1104,4090,3620
23699,11668,1104,4090,3570
23715,11684,1103,4090,3496
23739,11708,1103,4090,3372
23749,11718,1103,4090,3323
23762,11731,1103,4090,3258
23780,11749,1104,4090,3172
23795,11764,1103,4090,3098
23819,11788,1105,4090,2969
23830,11799,1105,4090,2914
23843,11812,1102,4090,2850
23860,11829,1103,4090,2763
23875,11844,1105,4090,2686
23899,11868,1103,4090,2567
23909,11878,1103,4090,2518
23924,11893,1104,4090,2440
23939,11908,1104,4090,2366
23960,11929,1105,4090,2258
23970,11939,1104,4090,2210
23989,11958,1104,4090,2113
24003,11972,1104,4090,2043
24019,11988,1103,4090,1964
24035,12004,1104,4090,1883
24060,12029,1103,4090,1762
24070,12039,1103,4090,1713
24083,12052,1102,4090,1650
24100,12069,1104,4090,1567
24115,12084,1104,4090,1490
24140,12109,1105,4090,1362
24150,12119,1105,4090,1311
24163,12132,1103,4090,1249
24178,12147,1104,4090,1171
24200,12169,1102,4090,1067
24210,12179,1101,4090,1017
24229,12198,1105,4090,918
24242,12211,1106,4090,853
24258,12227,1107,4090,770
24280,12249,1104,4090,660
24291,12260,1104,4090,604
24309,12278,1102,4090,517
24323,12292,1103,4090,447
24340,12309,1104,4090,363
24359,12328,1104,4090,267
24371,12340,1108,4090,202
24389,12358,1106,4090,114
24403,12372,1103,4090,46
24419,12388,1102,4090,4065
24439,12408,1102,4090,3965
24451,12420,1103,4090,3911
24470,12439,1105,4090,3809
24482,12451,1105,4090,3749
24500,12469,1104,4090,3659
24514,12483,1104,4090,3589
24540,12509,1103,4090,3464
24549,12518,1101,4090,3418
24562,12531,1103,4090,3354
24580,12549,1103,4090,3264
24594,12563,1103,4090,3194
24619,12588,1103,4090,3068
24629,12598,1105,4090,3015
24643,12612,1102,4090,2953
24659,12628,1104,4090,2864
24679,12648,1104,4090,2765
24690,12659,1104,4090,2707
24709,12678,1105,4090,2612
24723,12692,1104,4090,2541
24739,12708,1105,4090,2460
24754,12723,1102,4090,2387
24779,12748,1103,4090,2262
24789,12758,1104,4090,2213
24803,12772,1104,4090,2138
24820,12789,1107,4090,2057
24835,12804,1105,4090,1976
24859,12828,1101,4090,1862
24869,12838,1101,4090,1814
24883,12852,1103,4090,1742
24900,12869,1103,4090,1661
24915,12884,1102,4090,1585
24939,12908,1107,4090,1462
24949,12918,1105,4090,1413
24962,12931,1105,4090,1348
24979,12948,1102,4090,1265
24995,12964,1103,4090,1189
25020,12989,1104,4090,1069
25030,12999,1103,4090,1011
25043,13012,1106,4090,944
25060,13029,1105,4090,858
25075,13044,1105,4090,788
25100,13069,1104,4090,657
25109,13078,1104,4090,610
25123,13092,1104,4090,542
25139,13108,1103,4090,463
25160,13129,1106,4090,356
25171,13140,1105,4090,301
25190,13159,1107,4090,204
25203,13172,1104,4090,141
25219,13188,1105,4090,63
25240,13209,1103,4090,4056
25251,13220,1102,4090,3999
25269,13238,1104,4090,3910
25283,13252,1104,4090,3840
25310,13279,1103,4090,3705
25320,13289,1103,4090,3656
25331,13300,1103,4090,3604
25350,13319,1102,4090,3511
25363,13332,1105,4090,3442
25379,13348,1105,4090,3363
25395,13364,1103,4090,3283
25430,13399,1103,4090,3107
25443,13412,1108,4090,3036
25460,13429,1117,4090,2930
25475,13444,1126,4090,2836
25500,13469,1132,4090,2656
25509,13478,1133,4090,2595
25523,13492,1125,4090,2515
25539,13508,1123,4090,2409
25555,13524,1124,4090,2308
25580,13549,1124,4090,2155
25590,13559,1120,4090,2096
25603,13572,1125,4090,2017
25618,13587,1124,4090,1921
25639,13608,1123,4090,1792
25650,13619,1124,4090,1721
25669,13638,1126,4090,1601
25682,13651,1123,4090,1524
25699,13668,1123,4090,1419
25715,13684,1125,4090,1316
25740,13709,1124,4090,1161
25750,13719,1123,4090,1100
25763,13732,1125,4090,1017
25779,13748,1124,4090,917
25795,13764,1123,4090,819
25820,13789,1125,4090,659
25829,13798,1126,4090,601
25842,13811,1125,4090,521
25859,13828,1123,4090,414
25875,13844,1125,4090,313
25899,13868,1125,4090,166
25909,13878,1124,4090,103
25922,13891,1125,4090,22
25950,13919,1122,4090,3949
25959,13928,1123,4090,3888
25971,13940,1122,4090,3813
25990,13959,1124,4090,3694
26003,13972,1123,4090,3621
26019,13988,1123,4090,3515
26040,14009,1122,4090,3385
26051,14020,1122,4090,3318
26066,14035,1123,4090,3224
26089,14058,1121,4090,3081
26099,14068,1125,4090,3015
26115,14084,1124,4090,2916
26139,14108,1123,4090,2763
26150,14119,1125,4090,2692
26162,14131,1123,4090,2619
26178,14147,1122,4090,2518
26200,14169,1122,4090,2379
26210,14179,1125,4090,2314
26226,14195,1124,4090,2216
26249,14218,1124,4090,2071
26259,14228,1125,4090,2007
26275,14244,1123,4090,1910
26300,14269,1123,4090,1754
26310,14279,1122,4090,1693
26322,14291,1122,4090,1620
26339,14308,1122,4090,1516
26354,14323,1124,4090,1422
26370,14339,1127,4090,1316
26389,14358,1125,4090,1199
26403,14372,1121,4090,1115
26419,14388,1123,4090,1022
26439,14408,1125,4090,888
26451,14420,1125,4090,814
26466,14435,1125,4090,719
26490,14459,1123,4090,567
26500,14469,1123,4090,512
26520,14489,1123,4090,388
26532,14501,1125,4090,306
26549,14518,1127,4090,195
26562,14531,1125,4090,116
26579,14548,1124,4090,12
26594,14563,1123,4090,4013
26619,14588,1126,4090,3854
26629,14598,1124,4090,3796
26642,14611,1126,4090,3713
26659,14628,1123,4090,3613
26674,14643,1121,4090,3520
26700,14669,1123,4090,3358
26709,14678,1125,4090,3300
26723,14692,1123,4090,3215
26739,14708,1124,4090,3112
26759,14728,1124,4090,2987
26771,14740,1122,4090,2913
26789,14758,1123,4090,2799
26803,14772,1126,4090,2712
26819,14788,1126,4090,2605
26835,14804,1123,4090,2507
26859,14828,1122,4090,2357
26869,14838,1124,4090,2292
26883,14852,1123,4090,2208
26899,14868,1124,4090,2104
26915,14884,1127,4090,2006
26930,14899,1123,4090,1911
26950,14919,1121,4090,1790
26963,14932,1122,4090,1709
26980,14949,1123,4090,1603
26999,14968,1124,4090,1485
27011,14980,1124,4090,1410
27029,14998,1125,4090,1297
27042,15011,1122,4090,1218
27069,15038,1124,4090,1048
27079,15048,1121,4090,985
27090,15059,1125,4090,914
27109,15078,1124,4090,799
27122,15091,1124,4090,715
27139,15108,1127,4090,604
27155,15124,1124,4090,509
27179,15148,1124,4090,357
27189,15158,1125,4090,294
27203,15172,1124,4090,207
27219,15188,1122,4090,108
27235,15204,1123,4090,10
27259,15228,1123,4090,3953
27270,15239,1125,4090,3884
27282,15251,1123,4090,3812
27300,15269,1126,4090,3695
27315,15284,1122,4090,3616
27340,15309,1123,4090,3454
27350,15319,1124,4090,3390
27362,15331,1125,4090,3314
27380,15349,1123,4090,3204
27395,15364,1121,4090,3109
27420,15389,1121,4090,2960
27430,15399,1123,4090,2890
27442,15411,1124,4090,2812
27460,15429,1126,4090,2703
27475,15444,1126,4090,2601
27500,15469,1124,4090,2451
27509,15478,1121,4090,2391
27522,15491,1125,4090,2306
27539,15508,1125,4090,2201
27554,15523,1124,4090,2106
27579,15548,1123,4090,1951
27589,15558,1123,4090,1889
27602,15571,1122,4090,1809
27629,15598,1123,4090,1643
27639,15608,1123,4090,1580
27650,15619,1123,4090,1513
27669,15638,1122,4090,1395
27682,15651,1126,4090,1309
27700,15669,1125,4090,1199
27715,15684,1123,4090,1105
27730,15699,1124,4090,1014
27749,15718,1125,4090,892
27762,15731,1124,4090,813
27778,15747,1123,4090,712
27799,15768,1126,4090,576
27810,15779,1125,4090,510
27830,15799,1123,4090,384
27843,15812,1124,4090,304
27858,15827,1123,4090,211
27879,15848,1125,4090,79
27891,15860,1124,4090,5
27910,15879,1124,4090,3985
27923,15892,1123,4090,3901
27940,15909,1123,4090,3795
27954,15923,1125,4090,3705
27979,15948,1125,4090,3552
27989,15958,1123,4090,3493
28003,15972,1123,4090,3406
28018,15987,1123,4090,3312
28039,16008,1123,4090,3182
28050,16019,1124,4090,3110
28069,16038,1126,4090,2990
28083,16052,1123,4090,2904
28099,16068,1123,4090,2802
28115,16084,1125,4090,2706
28130,16099,1124,4090,2606
28149,16118,1123,4090,2487
28163,16132,1124,4090,2396
28180,16149,1126,4090,2293
28195,16164,1123,4090,2205
28220,16189,1124,4090,2048
28230,16199,1123,4090,1978
28243,16212,1124,4090,1904
28259,16228,1122,4090,1800
28275,16244,1123,4090,1706
28300,16269,1120,4090,1547
28309,16278,1121,4090,1493
28322,16291,1124,4090,1410
28340,16309,1126,4090,1294
28355,16324,1125,4090,1200
28379,16348,1124,4090,1052
28390,16359,1120,4090,990
28403,16372,1125,4090,900
28418,16387,1125,4090,808
28440,16409,1126,4090,666
28450,16419,1125,4090,604
28470,16439,1125,4090,478
28482,16451,1123,4090,407
28498,16467,1127,4090,302
28520,16489,1126,4090,167
28530,16499,1122,4090,107
28550,16519,1121,4090,4081
28562,16531,1124,4090,4002
28579,16548,1122,4090,3899
28595,16564,1123,4090,3798
28610,16579,1127,4090,3699
28630,16599,1124,4090,3578
28642,16611,1120,4090,3508
28659,16628,1122,4090,3403
28674,16643,1124,4090,3307
28699,16668,1127,4090,3147
28710,16679,1123,4090,3082
28723,16692,1125,4090,2998
28738,16707,1122,4090,2906
28760,16729,1123,4090,2767
28770,16739,1124,4090,2703
28789,16758,1126,4090,2580
28802,16771,1124,4090,2501
28820,16789,1122,4090,2389
28835,16804,1124,4090,2298
28860,16829,1126,4090,2136
28870,16839,1125,4090,2073
28883,16852,1125,4090,1991
28898,16867,1123,4090,1900
28919,16888,1121,4090,1773
28930,16899,1122,4090,1704
28949,16918,1124,4090,1583
28962,16931,1124,4090,1505
28979,16948,1123,4090,1398
28994,16963,1124,4090,1304
29020,16989,1123,4090,1142
29030,16999,1123,4090,1081
29043,17012,1123,4090,1005
29060,17029,1126,4090,888
29074,17043,1124,4090,804
29100,17069,1124,4090,639
29110,17079,1125,4090,576
29122,17091,1125,4090,502
29140,17109,1125,4090,388
29154,17123,1125,4090,300
29179,17148,1122,4090,146
29190,17159,1122,4090,85
29202,17171,1121,4090,6
29218,17187,1122,4090,3999
29239,17208,1125,4090,3866
29250,17219,1125,4090,3799
29269,17238,1124,4090,3681
29282,17251,1123,4090,3602
29298,17267,1122,4090,3504
29319,17288,1123,4090,3371
29330,17299,1126,4090,3300
29349,17318,1122,4090,3186
29363,17332,1121,4090,3097
29380,17349,1123,4090,2991
29394,17363,1122,4090,2904
29420,17389,1126,4090,2735
29430,17399,1124,4090,2673
29443,17412,1125,4090,2590
29458,17427,1123,4090,2498
29480,17449,1124,4090,2359
29490,17459,1126,4090,2293
29529,17498,1125,4090,2048
29539,17508,1128,4090,1979
29555,17524,1136,4090,1861
29579,17548,1149,4090,1673
29589,17558,1152,4090,1592
29603,17572,1148,4090,1495
29620,17589,1147,4090,1356
29635,17604,1145,4090,1245
29660,17629,1141,4090,1062
29670,17639,1142,4090,986
29682,17651,1142,4090,896
29699,17668,1142,4090,773
29714,17683,1143,4090,658
29740,17709,1148,4090,454
29749,17718,1145,4090,391
29762,17731,1145,4090,293
29780,17749,1147,4090,154
29794,17763,1146,4090,52
29810,17779,1141,4090,4029
29829,17798,1139,4090,3891
29843,17812,1143,4090,3786
29858,17827,1145,4090,3672
29879,17848,1144,4090,3518
29890,17859,1145,4090,3432
29910,17879,1145,4090,3283
29923,17892,1139,4090,3192
29939,17908,1142,4090,3068
29959,17928,1141,4090,2919
29970,17939,1144,4090,2835
29989,17958,1144,4090,2690
30002,17971,1145,4090,2591
30020,17989,1145,4090,2453
30035,18004,1144,4090,2341
30059,18028,1145,4090,2157
30069,18038,1143,4090,2086
30083,18052,1144,4090,1980
30100,18069,1143,4090,1855
30114,18083,1143,4090,1749
30140,18109,1143,4090,1558
30149,18118,1141,4090,1493
30163,18132,1144,4090,1386
30179,18148,1146,4090,1265
30195,18164,1143,4090,1147
30219,18188,1143,4090,966
30229,18198,1145,4090,889
30243,18212,1144,4090,785
30260,18229,1143,4090,656
30274,18243,1144,4090,551
30300,18269,1142,4090,356
30309,18278,1146,4090,287
30322,18291,1148,4090,185
30340,18309,1144,4090,63
30354,18323,1141,4090,4046
30380,18349,1143,4090,3853
30390,18359,1144,4090,3779
30403,18372,1145,4090,3680
30420,18389,1145,4090,3561
30435,18404,1143,4090,3452
30460,18429,1143,4090,3257
30469,18438,1141,4090,3191
30482,18451,1143,4090,3093
30500,18469,1142,4090,2959
30514,18483,1144,4090,2851
30539,18508,1145,4090,2660
30549,18518,1148,4090,2581
30562,18531,1144,4090,2486
30580,18549,1142,4090,2350
30595,18564,1145,4090,2236
30610,18579,1146,4090,2121
30629,18598,1145,4090,1979
30642,18611,1143,4090,1883
30659,18628,1141,4090,1760
30674,18643,1140,4090,1651
30700,18669,1146,4090,1454
30709,18678,1144,4090,1387
30722,18691,1144,4090,1290
30738,18707,1146,4090,1166
30760,18729,1144,4090,1013
30770,18739,1142,4090,929
30789,18758,1143,4090,787
30803,18772,1144,4090,681
30819,18788,1144,4090,560
30840,18809,1145,4090,401
30851,18820,1148,4090,313
30869,18838,1147,4090,178
30883,18852,1143,4090,77
30898,18867,1142,4090,4065
30920,18889,1142,4090,3900
30930,18899,1144,4090,3825
30949,18918,1143,4090,3684
30962,18931,1144,4090,3586
30979,18948,1143,4090,3461
30994,18963,1144,4090,3347
31019,18988,1143,4090,3159
31029,18998,1142,4090,3087
31043,19012,1142,4090,2983
31059,19028,1146,4090,2856
31074,19043,1145,4090,2743
31091,19060,1143,4090,2623
31110,19079,1142,4090,2474
31122,19091,1144,4090,2380
31140,19109,1146,4090,2244
31154,19123,1146,4090,2136
31179,19148,1144,4090,1953
31189,19158,1142,4090,1879
31203,19172,1141,4090,1777
31219,19188,1143,4090,1657
31240,19209,1141,4090,1502
31250,19219,1143,4090,1427
31270,19239,1144,4090,1276
31283,19252,1146,4090,1175
31300,19269,1145,4090,1049
31314,19283,1142,4090,946
31340,19309,1145,4090,750
31349,19318,1145,4090,682
31363,19332,1146,4090,582
31379,19348,1146,4090,453
31395,19364,1145,4090,340
31410,19379,1144,4090,222
31430,19399,1145,4090,72
31443,19412,1144,4090,4071
31459,19428,1142,4090,3953
31475,19444,1143,4090,3833
31500,19469,1145,4090,3653
31510,19479,1145,4090,3571
31523,19492,1142,4090,3485
31540,19509,1143,4090,3357
31555,19524,1143,4090,3240
31580,19549,1141,4090,3051
31590,19559,1143,4090,2975
31603,19572,1144,4090,2874
31619,19588,1143,4090,2753
31635,19604,1144,4090,2632
31659,19628,1145,4090,2448
31669,19638,1144,4090,2374
31682,19651,1145,4090,2275
31699,19668,1145,4090,2145
31714,19683,1144,4090,2035
31740,19709,1144,4090,1843
31749,19718,1140,4090,1777
31763,19732,1142,4090,1673
31779,19748,1142,4090,1555
31794,19763,1144,4090,1442
31820,19789,1145,4090,1246
31830,19799,1146,4090,1167
31843,19812,1141,4090,1077
31860,19829,1140,4090,949
31875,19844,1146,4090,833
31899,19868,1142,4090,652
31909,19878,1144,4090,576
31923,19892,1144,4090,471
31940,19909,1146,4090,341
31954,19923,1145,4090,236
31980,19949,1146,4090,41
31990,19959,1142,4090,4066
32002,19971,1141,4090,3975
32018,19987,1144,4090,3854
32040,20009,1145,4090,3689
32070,20039,1140,4090,3480
32083,20052,1143,4090,3375
32098,20067,1146,4090,3256
32120,20089,1143,4090,3096
32130,20099,1141,4090,3020
32149,20118,1144,4090,2877
32162,20131,1143,4090,2777
32179,20148,1146,4090,2647
32195,20164,1145,4090,2525
32219,20188,1140,4090,2348
32229,20198,1143,4090,2271
32242,20211,1145,4090,2170
32259,20228,1144,4090,2044
32274,20243,1142,4090,1933
32299,20268,1143,4090,1747
32310,20279,1143,4090,1667
32322,20291,1143,4090,1576
32340,20309,1144,4090,1442
32354,20323,1144,4090,1336
32380,20349,1143,4090,1143
32390,20359,1141,4090,1070
32402,20371,1144,4090,977
32420,20389,1144,4090,844
32435,20404,1144,4090,736
32460,20429,1145,4090,540
32470,20439,1147,4090,460
32482,20451,1145,4090,373
32500,20469,1143,4090,239
32514,20483,1144,4090,134
32540,20509,1141,4090,4043
32549,20518,1143,4090,3967
32562,20531,1145,4090,3869
32579,20548,1142,4090,3746
32594,20563,1142,4090,3634
32610,20579,1143,4090,3517
32629,20598,1144,4090,3375
32642,20611,1145,4090,3274
32659,20628,1144,4090,3147
32674,20643,1140,4090,3040
32701,20670,1144,4090,2834
32710,20679,1144,4090,2763
32722,20691,1146,4090,2670
32739,20708,1144,4090,2543
32754,20723,1144,4090,2427
32779,20748,1146,4090,2240
32789,20758,1146,4090,2162
32803,20772,1142,4090,2061
32820,20789,1142,4090,1934
32834,20803,1143,4090,1832
32860,20829,1142,4090,1638
32869,20838,1142,4090,1571
32884,20853,1144,4090,1458
32899,20868,1143,4090,1347
32914,20883,1143,4090,1235
32940,20909,1145,4090,1036
32950,20919,1144,4090,963
32963,20932,1144,4090,871
32979,20948,1145,4090,746
33000,20969,1148,4090,582
33010,20979,1145,4090,511
33026,20995,1143,4090,391
33050,21019,1144,4090,212
33059,21028,1145,4090,143
33075,21044,1146,4090,22
33100,21069,1142,4090,3941
33110,21079,1144,4090,3854
33122,21091,1143,4090,3770
33139,21108,1144,4090,3640
33154,21123,1144,4090,3531
33180,21149,1140,4090,3339
33189,21158,1145,4090,3267
33203,21172,1141,4090,3166
33220,21189,1140,4090,3040
33235,21204,1144,4090,2923
33260,21229,1144,4090,2733
33270,21239,1145,4090,2659
33282,21251,1147,4090,2565
33300,21269,1146,4090,2427
33315,21284,1145,4090,2324
33339,21308,1144,4090,2135
33350,21319,1142,4090,2055
33362,21331,1145,4090,1963
33380,21349,1144,4090,1839
33394,21363,1142,4090,1727
33420,21389,1142,4090,1543
33430,21399,1144,4090,1460
33443,21412,1144,4090,1370
33460,21429,1144,4090,1235
33474,21443,1144,4090,1129
33499,21468,1140,4090,945
33509,21478,1145,4090,865
33523,21492,1146,4090,768
33539,21508,1143,4090,639
33554,21523,1144,4090,527
33579,21548,1146,4090,336
33589,21558,1146,4090,262
33602,21571,1146,4090,163
33620,21589,1145,4090,30
33634,21603,1140,4090,4025
33659,21628,1145,4090,3835
33669,21638,1144,4090,3761
33684,21653,1145,4090,3656
33710,21679,1141,4090,3460
33720,21689,1142,4090,3385
33730,21699,1142,4090,3308
33749,21718,1143,4090,3165
33762,21731,1143,4090,3068
33778,21747,1143,4090,2949
33800,21769,1144,4090,2781
33810,21779,1146,4090,2702
33829,21798,1146,4090,2558
33843,21812,1145,4090,2452
33860,21829,1143,4090,2326
33874,21843,1143,4090,2221
33900,21869,1146,4090,2022
33910,21879,1144,4090,1950
33922,21891,1143,4090,1861
33940,21909,1143,4090,1728
33955,21924,1143,4090,1625
33980,21949,1143,4090,1432
33990,21959,1143,4090,1356
34002,21971,1145,4090,1265
34020,21989,1143,4090,1132
34034,22003,1145,4090,1022
34050,22019,1145,4090,901
34070,22039,1145,4090,754
34082,22051,1141,4090,666
34100,22069,1144,4090,529
34114,22083,1147,4090,420
34140,22109,1144,4090,225
34150,22119,1146,4090,149
34162,22131,1142,4090,64
34180,22149,1140,4090,4024
34194,22163,1142,4090,3922
34220,22189,1144,4090,3734
34229,22198,1145,4090,3659
34242,22211,1146,4090,3560
34259,22228,1145,4090,3432
34274,22243,1141,4090,3325
34300,22269,1145,4090,3125
34310,22279,1140,4090,3057
34323,22292,1143,4090,2958
34340,22309,1144,4090,2830
34354,22323,1146,4090,2719
34379,22348,1145,4090,2531
34390,22359,1146,4090,2446
34402,22371,1144,4090,2356
34429,22398,1146,4090,2149
34440,22409,1142,4090,2071
34450,22419,1143,4090,1995
34470,22439,1142,4090,1850
34483,22452,1143,4090,1751
34499,22468,1142,4090,1634
34515,22484,1142,4090,1516
34540,22509,1144,4090,1326
34550,22519,1144,4090,1252
34562,22531,1145,4090,1160
34580,22549,1145,4090,1025
34594,22563,1143,4090,921
34620,22589,1145,4090,726
34630,22599,1143,4090,649
34642,22611,1146,4090,558
34659,22628,1146,4090,430
34675,22644,1146,4090,308
34699,22668,1145,4090,129
34709,22678,1145,4090,55
34723,22692,1141,4090,4055
34739,22708,1142,4090,3930
34755,22724,1143,4090,3810
34780,22749,1144,4090,3621
34790,22759,1146,4090,3547
34802,22771,1142,4090,3460
34820,22789,1140,4090,3328
34835,22804,1142,4090,3214
34850,22819,1143,4090,3102
34869,22838,1143,4090,2959
34883,22852,1144,4090,2851
34900,22869,1144,4090,2722
34915,22884,1144,4090,2609
34931,22900,1144,4090,2495
34949,22918,1143,4090,2351
34963,22932,1145,4090,2245
34979,22948,1145,4090,2124
34995,22964,1145,4090,2009
35010,22979,1143,4090,1892
35029,22998,1142,4090,1753
35042,23011,1142,4090,1657
35060,23029,1143,4090,1524
35074,23043,1144,4090,1418
35100,23069,1143,4090,1224
35110,23079,1143,4090,1148
35122,23091,1143,4090,1059
35139,23108,1142,4090,931
35160,23129,1145,4090,771
35170,23139,1145,4090,696
35190,23159,1144,4090,545
35202,23171,1145,4090,454
35220,23189,1147,4090,316
35234,23203,1145,4090,214
35259,23228,1145,4090,25
35270,23239,1140,4090,4041
35283,23252,1142,4090,3953
35299,23268,1144,4090,3824
35320,23289,1145,4090,3668
35331,23300,1143,4090,3586
35350,23319,1143,4090,3446
35363,23332,1143,4090,3349
35380,23349,1145,4090,3222
35394,23363,1144,4090,3114
35420,23389,1140,4090,2923
35429,23398,1144,4090,2852
35443,23412,1143,4090,2746
35460,23429,1144,4090,2617
35500,23469,1148,4090,2307
35510,23479,1152,4090,2224
35522,23491,1159,4090,2119
35540,23509,1167,4090,1956
35554,23523,1168,4090,1831
35579,23548,1169,4090,1603
35589,23558,1167,4090,1517
35602,23571,1164,4090,1404
35619,23588,1161,4090,1260
35635,23604,1160,4090,1134
35660,23629,1162,4090,904
35670,23639,1163,4090,819
35682,23651,1163,4090,713
35700,23669,1166,4090,551
35714,23683,1167,4090,426
35739,23708,1166,4090,204
35749,23718,1165,4090,117
35762,23731,1164,4090,3
35780,23749,1162,4090,3953
35794,23763,1160,4090,3825
35820,23789,1163,4090,3600
35830,23799,1163,4090,3515
35842,23811,1162,4090,3408
35861,23830,1163,4090,3252
35874,23843,1163,4090,3127
35900,23869,1164,4090,2899
35910,23879,1165,4090,2811
35922,23891,1163,4090,2703
35940,23909,1163,4090,2546
35955,23924,1164,4090,2413
35980,23949,1166,4090,2192
35990,23959,1166,4090,2104
36002,23971,1162,4090,1998
36019,23988,1163,4090,1853
36034,24003,1163,4090,1720
36059,24028,1163,4090,1508
36069,24038,1162,4090,1423
36083,24052,1163,4090,1305
36100,24069,1166,4090,1144
36114,24083,1164,4090,1025
36140,24109,1164,4090,799
36150,24119,1165,4090,711
36163,24132,1164,4090,593
36180,24149,1165,4090,446
36195,24164,1166,4090,311
36210,24179,1169,4090,175
36230,24199,1166,4090,7
36242,24211,1160,4090,3997
36260,24229,1163,4090,3839
36274,24243,1163,4090,3721
36300,24269,1162,4090,3498
36310,24279,1163,4090,3409
36323,24292,1162,4090,3297
36339,24308,1164,4090,3155
36355,24324,1164,4090,3015
36380,24349,1163,4090,2796
36390,24359,1163,4090,2706
36403,24372,1165,4090,2590
36419,24388,1166,4090,2447
36434,24403,1164,4090,2317
36460,24429,1165,4090,2098
36470,24439,1165,4090,1997
36482,24451,1164,4090,1896
36499,24468,1162,4090,1750
36514,24483,1160,4090,1624
36540,24509,1163,4090,1403
36550,24519,1163,4090,1306
36563,24532,1164,4090,1194
36579,24548,1162,4090,1056
36600,24569,1164,4090,869
36611,24580,1165,4090,773
36630,24599,1165,4090,602
36642,24611,1164,4090,502
36660,24629,1165,4090,338
36675,24644,1167,4090,207
36690,24659,1166,4090,76
36710,24679,1160,4090,3998
36722,24691,1161,4090,3896
36740,24709,1163,4090,3740
36754,24723,1163,4090,3618
36780,24749,1164,4090,3392
36789,24758,1163,4090,3315
36802,24771,1164,4090,3203
36820,24789,1162,4090,3046
36834,24803,1162,4090,2922
36860,24829,1165,4090,2688
36870,24839,1166,4090,2600
36882,24851,1165,4090,2495
36898,24867,1163,4090,2354
36921,24890,1164,4090,2148
36930,24899,1165,4090,2072
36950,24919,1163,4090,1899
36962,24931,1161,4090,1798
36979,24948,1162,4090,1649
36994,24963,1164,4090,1519
37020,24989,1163,4090,1290
37029,24998,1164,4090,1214
37042,25011,1164,4090,1100
37069,25038,1164,4090,861
37080,25049,1164,4090,776
37090,25059,1165,4090,678
37110,25079,1166,4090,501
37122,25091,1166,4090,395
37139,25108,1166,4090,244
37154,25123,1166,4090,113
37179,25148,1163,4090,3987
37189,25158,1163,4090,3904
37202,25171,1163,4090,3792
37220,25189,1161,4090,3638
37234,25203,1162,4090,3517
37260,25229,1164,4090,3287
37270,25239,1162,4090,3205
37282,25251,1162,4090,3099
37300,25269,1163,4090,2940
37315,25284,1164,4090,2817
37340,25309,1166,4090,2582
37350,25319,1165,4090,2496
37363,25332,1165,4090,2390
37380,25349,1165,4090,2231
37394,25363,1165,4090,2108
37420,25389,1162,4090,1881
37430,25399,1163,4090,1795
37442,25411,1163,4090,1692
37460,25429,1161,4090,1547
37474,25443,1162,4090,1418
37499,25468,1165,4090,1196
37509,25478,1164,4090,1110
37522,25491,1163,4090,995
37539,25508,1163,4090,849
37554,25523,1164,4090,714
37580,25549,1165,4090,483
37590,25559,1165,4090,396
37602,25571,1165,4090,290
37620,25589,1166,4090,131
37634,25603,1165,4090,10
37660,25629,1162,4090,3880
37670,25639,1163,4090,3793
37682,25651,1165,4090,3686
37700,25669,1163,4090,3535
37714,25683,1163,4090,3410
37739,25708,1163,4090,3197
37750,25719,1163,4090,3098
37762,25731,1162,4090,2992
37780,25749,1161,4090,2835
37795,25764,1164,4090,2700
37819,25788,1166,4090,2488
37829,25798,1166,4090,2398
37842,25811,1163,4090,2283
37859,25828,1164,4090,2133
37875,25844,1165,4090,2000
37900,25869,1162,4090,1781
37910,25879,1161,4090,1695
37923,25892,1162,4090,1580
37939,25908,1163,4090,1440
37960,25929,1164,4090,1260
37970,25939,1165,4090,1166
37990,25959,1163,4090,1005
38002,25971,1163,4090,888
38020,25989,1165,4090,731
38034,26003,1166,4090,602
38060,26029,1166,4090,379
38070,26039,1165,4090,290
38082,26051,1165,4090,184
38098,26067,1164,4090,47
38120,26089,1164,4090,3960
38130,26099,1165,4090,3859
38149,26118,1166,4090,3694
38162,26131,1161,4090,3586
38179,26148,1161,4090,3439
38195,26164,1163,4090,3299
38219,26188,1162,4090,3093
38230,26199,1162,4090,2993
38243,26212,1162,4090,2892
38259,26228,1165,4090,2736
38274,26243,1167,4090,2604
38300,26269,1164,4090,2375
38310,26279,1165,4090,2282
38322,26291,1165,4090,2179
38340,26309,1165,4090,2019
38354,26323,1162,4090,1902
38370,26339,1162,4090,1764
38389,26358,1162,4090,1598
38402,26371,1162,4090,1489
38419,26388,1163,4090,1340
38434,26403,1163,4090,1210
38460,26429,1165,4090,979
38470,26439,1163,4090,888
38482,26451,1163,4090,788
38500,26469,1165,4090,625
38515,26484,1166,4090,505
38540,26509,1164,4090,277
38550,26519,1163,4090,186
38562,26531,1165,4090,83
38580,26549,1164,4090,4021
38594,26563,1163,4090,3900
38620,26589,1164,4090,3673
38630,26599,1163,4090,3586
38642,26611,1163,4090,3484
38660,26629,1162,4090,3330
38674,26643,1161,4090,3209
38700,26669,1161,4090,2979
38710,26679,1163,4090,2891
38723,26692,1164,4090,2774
38740,26709,1165,4090,2625
38754,26723,1165,4090,2499
38780,26749,1166,4090,2267
38790,26759,1164,4090,2182
38802,26771,1164,4090,2076
38819,26788,1163,4090,1929
38834,26803,1162,4090,1800
38860,26829,1161,4090,1575
38870,26839,1161,4090,1492
38882,26851,1162,4090,1385
38899,26868,1164,4090,1235
38914,26883,1165,4090,1103
38939,26908,1162,4090,884
38950,26919,1164,4090,789
38962,26931,1165,4090,681
38978,26947,1165,4090,540
39000,26969,1165,4090,345
39010,26979,1166,4090,257
39030,26999,1167,4090,81
39042,27011,1164,4090,4075
39060,27029,1161,4090,3919
39074,27043,1162,4090,3798
39100,27069,1163,4090,3579
39109,27078,1163,4090,3495
39122,27091,1162,4090,3382
39140,27109,1163,4090,3236
39155,27124,1163,4090,3094
39170,27139,1163,4090,2963
39190,27159,1162,4090,2787
39202,27171,1164,4090,2679
39220,27189,1166,4090,2518
39235,27204,1165,4090,2385
39260,27229,1164,4090,2163
39270,27239,1164,4090,2078
39283,27252,1165,4090,1963
39300,27269,1163,4090,1818
39314,27283,1162,4090,1697
39330,27299,1163,4090,1558
39350,27319,1164,4090,1385
39362,27331,1163,4090,1280
39379,27348,1164,4090,1132
39395,27364,1164,4090,992
39410,27379,1167,4090,855
39429,27398,1164,4090,693
39442,27411,1164,4090,574
39460,27429,1166,4090,419
39474,27443,1166,4090,291
39490,27459,1166,4090,153
39509,27478,1164,4090,4087
39522,27491,1163,4090,3970
39540,27509,1164,4090,3814
39554,27523,1164,4090,3691
39580,27549,1162,4090,3471
39590,27559,1163,4090,3383
39602,27571,1164,4090,3273
39620,27589,1162,4090,3119
39634,27603,1161,4090,2995
39659,27628,1164,4090,2775
39669,27638,1164,4090,2688
39682,27651,1165,4090,2571
39701,27670,1164,4090,2405
39714,27683,1165,4090,2287
39740,27709,1166,4090,2060
39750,27719,1164,4090,1974
39763,27732,1161,4090,1868
39780,27749,1162,4090,1713
39794,27763,1163,4090,1591
39819,27788,1163,4090,1377
39830,27799,1162,4090,1283
39842,27811,1164,4090,1174
39860,27829,1165,4090,1017
39874,27843,1164,4090,893
39900,27869,1164,4090,667
39910,27879,1166,4090,573
39923,27892,1167,4090,458
39938,27907,1164,4090,329
39959,27928,1165,4090,145
39970,27939,1165,4090,50
39989,27958,1162,4090,3979
40002,27971,1162,4090,3867
40018,27987,1162,4090,3730
40040,28009,1163,4090,3539
40050,28019,1163,4090,3453
40070,28039,1163,4090,3276
40082,28051,1162,4090,3176
40100,28069,1162,4090,3016
40114,28083,1163,4090,2894
40140,28109,1165,4090,2662
40150,28119,1164,4090,2574
40163,28132,1164,4090,2459
40179,28148,1165,4090,2317
40194,28163,1165,4090,2186
40220,28189,1164,4090,1957
40230,28199,1163,4090,1868
40242,28211,1163,4090,1768
40260,28229,1161,4090,1612
40274,28243,1162,4090,1493
40299,28268,1164,4090,1273
40310,28279,1165,4090,1174
40323,28292,1163,4090,1065
40340,28309,1163,4090,915
40355,28324,1165,4090,783
40379,28348,1165,4090,569
40390,28359,1166,4090,470
40402,28371,1164,4090,369
40420,28389,1167,4090,206
40434,28403,1167,4090,86
40459,28428,1162,4090,3964
40470,28439,1161,4090,3869
40482,28451,1162,4090,3766
40500,28469,1164,4090,3609
40514,28483,1163,4090,3490
40540,28509,1164,4090,3261
40550,28519,1164,4090,3175
40562,28531,1164,4090,3070
40580,28549,1164,4090,2910
40594,28563,1163,4090,2788
40620,28589,1165,4090,2555
40630,28599,1164,4090,2470
40642,28611,1164,4090,2363
40660,28629,1165,4090,2204
40674,28643,1165,4090,2080
40699,28668,1163,4090,1861
40730,28699,1164,4090,1591
40740,28709,1168,4090,1500
40755,28724,1177,4090,1362
40780,28749,1187,4090,1095
40790,28759,1190,4090,988
40802,28771,1194,4090,857
40820,28789,1188,4090,679
40834,28803,1183,4090,538
40860,28829,1182,4090,277
40870,28839,1185,4090,176
40883,28852,1184,4090,51
40900,28869,1182,4090,3975
40914,28883,1185,4090,3835
40940,28909,1184,4090,3581
40950,28919,1181,4090,3485
40962,28931,1183,4090,3364
40980,28949,1184,4090,3184
40994,28963,1182,4090,3045
41020,28989,1184,4090,2779
41030,28999,1184,4090,2678
41042,29011,1186,4090,2555
41060,29029,1183,4090,2377
41075,29044,1184,4090,2226
41099,29068,1186,4090,1981
41110,29079,1183,4090,1875
41122,29091,1182,4090,1758
41140,29109,1184,4090,1577
41154,29123,1183,4090,1441
41180,29149,1185,4090,1181
41190,29159,1183,4090,1084
41203,29172,1183,4090,953
41218,29187,1184,4090,803
41240,29209,1187,4090,574
41250,29219,1187,4090,477
41269,29238,1183,4090,288
41282,29251,1187,4090,153
41300,29269,1186,4090,4070
41314,29283,1183,4090,3931
41340,29309,1182,4090,3673
41350,29319,1183,4090,3576
41362,29331,1182,4090,3460
41380,29349,1182,4090,3281
41394,29363,1183,4090,3141
41419,29388,1183,4090,2890
41430,29399,1185,4090,2776
41443,29412,1185,4090,2645
41458,29427,1185,4090,2494
41480,29449,1186,4090,2268
41490,29459,1186,4090,2169
41509,29478,1184,4090,1977
41522,29491,1183,4090,1852
41540,29509,1179,4090,1676
41554,29523,1181,4090,1538
41580,29549,1183,4090,1278
41589,29558,1186,4090,1186
41602,29571,1183,4090,1061
41620,29589,1185,4090,876
41635,29604,1186,4090,725
41659,29628,1186,4090,484
41669,29638,1185,4090,384
41683,29652,1187,4090,240
41700,29669,1188,4090,71
41714,29683,1184,4090,4026
41740,29709,1183,4090,3769
41750,29719,1183,4090,3666
41762,29731,1183,4090,3550
41780,29749,1178,4090,3379
41794,29763,1180,4090,3238
41820,29789,1182,4090,2976
41830,29799,1183,4090,2876
41843,29812,1184,4090,2743
41860,29829,1189,4090,2565
41874,29843,1187,4090,2425
41890,29859,1184,4090,2264
41910,29879,1185,4090,2065
41922,29891,1183,4090,1946
41940,29909,1182,4090,1770
41955,29924,1181,4090,1623
41970,29939,1182,4090,1474
41990,29959,1183,4090,1274
42002,29971,1185,4090,1151
42020,29989,1182,4090,974
42034,30003,1182,4090,835
42070,30039,1187,4090,468
42082,30051,1186,4090,348
42100,30069,1188,4090,163
42114,30083,1186,4090,27
42140,30109,1185,4090,3860
42150,30119,1183,4090,3766
42162,30131,1184,4090,3643
42180,30149,1179,4090,3479
42194,30163,1180,4090,3333
42220,30189,1182,4090,3076
42229,30198,1183,4090,2988
42242,30211,1186,4090,2855
42259,30228,1187,4090,2682
42274,30243,1186,4090,2528
42300,30269,1188,4090,2257
42310,30279,1189,4090,2155
42322,30291,1186,4090,2037
42340,30309,1181,4090,1862
42354,30323,1182,4090,1722
42380,30349,1181,4090,1472
42390,30359,1181,4090,1373
42402,30371,1182,4090,1252
42420,30389,1184,4090,1072
42435,30404,1184,4090,921
42460,30429,1185,4090,668
42470,30439,1184,4090,565
42482,30451,1189,4090,441
42500,30469,1184,4090,265
42514,30483,1184,4090,123
42540,30509,1183,4090,3960
42550,30519,1185,4090,3857
42562,30531,1182,4090,3744
42580,30549,1185,4090,3562
42594,30563,1184,4090,3426
42619,30588,1182,4090,3182
42629,30598,1181,4090,3081
42642,30611,1182,4090,2949
42659,30628,1183,4090,2777
42674,30643,1184,4090,2625
42690,30659,1186,4090,2460
42709,30678,1186,4090,2265
42722,30691,1185,4090,2136
42740,30709,1182,4090,1958
42754,30723,1183,4090,1819
42780,30749,1181,4090,1564
42790,30759,1181,4090,1468
42803,30772,1183,4090,1336
42820,30789,1187,4090,1162
42834,30803,1184,4090,1027
42860,30829,1186,4090,764
42871,30840,1186,4090,653
42883,30852,1184,4090,532
42900,30869,1187,4090,359
42915,30884,1186,4090,210
42930,30899,1186,4090,60
42950,30919,1180,4090,3958
42962,30931,1185,4090,3833
42980,30949,1183,4090,3659
42994,30963,1179,4090,3524
43020,30989,1183,4090,3262
43030,30999,1184,4090,3163
43042,31011,1183,4090,3045
43058,31027,1182,4090,2886
43080,31049,1184,4090,2671
43090,31059,1188,4090,2555
43110,31079,1185,4090,2356
43123,31092,1184,4090,2226
43138,31107,1186,4090,2072
43159,31128,1185,4090,1862
43170,31139,1182,4090,1757
43190,31159,1181,4090,1569
43202,31171,1183,4090,1441
43220,31189,1181,4090,1264
43235,31204,1181,4090,1116
43251,31220,1184,4090,953
43270,31239,1186,4090,760
43283,31252,1186,4090,628
43299,31268,1188,4090,464
43314,31283,1188,4090,313
43340,31309,1185,4090,57
43350,31319,1184,4090,4052
43362,31331,1181,4090,3933
43380,31349,1183,4090,3756
43395,31364,1182,4090,3608
43410,31379,1183,4090,3460
43430,31399,1184,4090,3259
43442,31411,1184,4090,3138
43460,31429,1181,4090,2960
43474,31443,1182,4090,2819
43500,31469,1185,4090,2554
43510,31479,1185,4090,2455
43522,31491,1186,4090,2332
43539,31508,1188,4090,2157
43554,31523,1187,4090,2006
43580,31549,1183,4090,1752
43590,31559,1182,4090,1654
43603,31572,1182,4090,1536
43620,31589,1181,4090,1360
43634,31603,1182,4090,1220
43660,31629,1183,4090,960
43669,31638,1185,4090,865
43682,31651,1186,4090,736
43700,31669,1184,4090,555
43714,31683,1185,4090,413
43731,31700,1185,4090,243
43746,31715,1187,4090,89
43770,31739,1180,4090,3957
43779,31748,1182,4090,3861
43795,31764,1184,4090,3703
43820,31789,1185,4090,3456
43830,31799,1184,4090,3356
43843,31812,1182,4090,3228
43858,31827,1183,4090,3075
43880,31849,1184,4090,2853
43890,31859,1182,4090,2754
43910,31879,1184,4090,2550
43922,31891,1186,4090,2428
43940,31909,1183,4090,2249
43954,31923,1184,4090,2107
43980,31949,1184,4090,1846
43990,31959,1183,4090,1748
44003,31972,1180,4090,1622
44020,31989,1182,4090,1455
44034,32003,1183,4090,1314
44060,32029,1183,4090,1068
44070,32039,1184,4090,956
44082,32051,1182,4090,836
44100,32069,1186,4090,652
44115,32084,1186,4090,502
44130,32099,1186,4090,348
44150,32119,1189,4090,139
44162,32131,1189,4090,21
44180,32149,1178,4090,3947
44194,32163,1177,4090,3810
44220,32189,1183,4090,3552
44230,32199,1183,4090,3454
44242,32211,1184,4090,3333
44260,32229,1186,4090,3149
44274,32243,1183,4090,3012
44301,32270,1183,4090,2738
44310,32279,1184,4090,2647
44323,32292,1183,4090,2518
44338,32307,1183,4090,2366
44360,32329,1187,4090,2140
44370,32339,1186,4090,2041
44389,32358,1184,4090,1854
44402,32371,1183,4090,1724
44420,32389,1181,4090,1547
44434,32403,1181,4090,1411
44460,32429,1183,4090,1152
44470,32439,1183,4090,1052
44483,32452,1184,4090,920
44500,32469,1186,4090,750
44514,32483,1186,4090,606
44540,32509,1189,4090,342
44550,32519,1187,4090,243
44562,32531,1184,4090,122
44580,32549,1185,4090,4039
44594,32563,1183,4090,3900
44610,32579,1182,4090,3744
44630,32599,1182,4090,3547
44642,32611,1184,4090,3426
44661,32630,1182,4090,3241
44674,32643,1181,4090,3109
44700,32669,1184,4090,2846
44710,32679,1185,4090,2745
44723,32692,1185,4090,2626
44740,32709,1185,4090,2442
44754,32723,1187,4090,2297
44780,32749,1186,4090,2038
44790,32759,1184,4090,1938
44802,4,1182,4090,1811
44819,21,1182,4090,1643
44833,35,1182,4090,1505
44860,62,1182,4090,1247
44869,71,1185,4090,1143
44881,83,1184,4090,1027
44899,101,1182,4090,845
44913,115,1185,4090,705
44940,142,1188,4090,439
44949,151,1186,4090,340
44961,163,1186,4090,221
44979,181,1188,4090,37
44993,195,1185,4090,3994
45019,221,1182,4090,3749
45029,231,1182,4090,3641
45042,244,1181,4090,3524
45059,261,1182,4090,3346
45073,275,1181,4090,3209
45099,301,1182,4090,2946
45109,311,1185,4090,2841
45121,323,1186,4090,2719
45139,341,1184,4090,2538
45153,355,1184,4090,2396
45179,381,1186,4090,2131
45189,391,1185,4090,2033
45201,403,1185,4090,1914
45219,421,1183,4090,1736
45234,436,1183,4090,1588
45259,461,1183,4090,1342
45269,471,1183,4090,1243
45282,484,1182,4090,1114
45299,501,1183,4090,943
45313,515,1185,4090,803
45329,531,1186,4090,640
45349,551,1186,4090,437
45361,563,1187,4090,316
45379,581,1187,4090,131
45393,595,1186,4090,4091
45419,621,1183,4090,3831
45429,631,1184,4090,3734
45442,644,1183,4090,3608
45459,661,1182,4090,3439
45473,675,1183,4090,3300
45499,701,1183,4090,3042
45509,711,1181,4090,2942
45521,723,1181,4090,2822
45539,741,1186,4090,2635
45554,756,1186,4090,2494
45579,781,1185,4090,2230
45589,791,1186,4090,2127
45601,803,1188,4090,2005
45618,820,1182,4090,1842
45633,835,1178,4090,1697
45659,861,1185,4090,1436
45669,871,1183,4090,1339
45681,883,1183,4090,1221
45699,901,1185,4090,1038
45713,915,1186,4090,896
45739,941,1184,4090,638
45749,951,1184,4090,536
45761,963,1185,4090,415
45779,981,1186,4090,232
45793,995,1187,4090,92
45809,1011,1186,4090,4025
45829,1031,1182,4090,3828
45841,1043,1183,4090,3708
45859,1061,1182,4090,3533
45873,1075,1181,4090,3396
45899,1101,1182,4090,3138
45908,1110,1181,4090,3051
45921,1123,1182,4090,2917
45939,1141,1187,4090,2743
45953,1155,1187,4090,2589
45979,1181,1185,4090,2328
45989,1191,1184,4090,2227
46001,1203,1185,4090,2105
46019,1221,1183,4090,1928
46033,1235,1182,4090,1790
46049,1251,1181,4090,1634
46070,1272,1181,4090,1436
46081,1283,1185,4090,1313
46099,1301,1184,4090,1133
46114,1316,1182,4090,997
46129,1331,1181,4090,837
46149,1351,1186,4090,631
46162,1364,1186,4090,502
46179,1381,1187,4090,327
46193,1395,1188,4090,186
46219,1421,1185,4090,4023
46229,1431,1181,4090,3926
46241,1443,1184,4090,3803
46259,1461,1183,4090,3628
46273,1475,1180,4090,3493
46299,1501,1179,4090,3246
46309,1511,1184,4090,3130
46321,1523,1183,4090,3013
46339,1541,1182,4090,2832
46353,1555,1183,4090,2691
46388,1590,1178,4090,2349
46401,1603,1149,4090,2276
46419,1621,1073,4090,2259
46433,1635,9,4090,2295
46460,1662,50,4090,2379
46470,1672,43,4090,2398
46482,1684,24,4090,2402
46499,1701,4,4090,2402
46514,1716,1028,4090,2393
46529,1731,1032,4090,2385
46549,1751,1027,4090,2384
46561,1763,0,4090,2384
46579,1781,0,4090,2384
46593,1795,0,4090,2384
46609,1811,0,4090,2384
46629,1831,0,4090,2384
46641,1843,0,4090,2384
46659,1861,0,4090,2384
46673,1875,0,4090,2384
46698,1900,0,4090,2384
46709,1911,0,4090,2384
46721,1923,0,4090,2384
46740,1942,0,4090,2384
46753,1955,0,4090,2384
46769,1971,0,4090,2384
46785,1987,0,4090,2384
46809,2011,0,4090,2384
46819,2021,0,4090,2384
46833,2035,0,4090,2384
46849,2051,0,4090,2384
46865,2067,0,4090,2384
46889,2091,0,4090,2384
46899,2101,0,4090,2384
46913,2115,0,4090,2384
46939,2141,0,4090,2384
46949,2151,0,4090,2384
46961,2163,0,4090,2384
46979,2181,0,4090,2384
46993,2195,0,4090,2384
47019,2221,0,4090,2384
47029,2231,0,4090,2384
47041,2243,0,4090,2384
47069,2271,0,4090,2384
47079,2281,0,4090,2384
47089,2291,0,4090,2384
47109,2311,0,4090,2384
47121,2323,0,4090,2384
47139,2341,0,4090,2384
47153,2355,0,4090,2384
47170,2372,0,4090,2384
47185,2387,0,4090,2384
47210,2412,0,4090,2384
47219,2421,0,4090,2384
47233,2435,0,4090,2384
47249,2451,0,4090,2384
47269,2471,0,4090,2384
47281,2483,0,4090,2384
47299,2501,0,4090,2384
47313,2515,0,4090,2384
47339,2541,0,4090,2384
47349,2551,0,4090,2384
47362,2564,0,4090,2384
47377,2579,0,4090,2384
47399,2601,0,4090,2384
47409,2611,0,4090,2384
47429,2631,0,4090,2384
47441,2643,0,4090,2384
47459,2661,0,4090,2384
47473,2675,0,4090,2384
47489,2691,0,4090,2384
47505,2707,0,4090,2384
47529,2731,0,4090,2384
